{"type": "FeatureCollection", "attribution": "© OpenStreetMap contributors, ODbL", "features": [{"type": "Feature", "properties": {"name": "Al Nasser", "name_en": "Al Nasser", "name_he": "", "admin_level": "10", "osm_id": 3935885}, "geometry": {"type": "Polygon", "coordinates": [[[34.4618969, 31.536528], [34.4626396, 31.5358146], [34.4634976, 31.535155], [34.4639576, 31.5347021], [34.4646752, 31.5341403], [34.4648995, 31.5338968], [34.4667352, 31.5323266], [34.4667048, 31.5320684], [34.4661387, 31.531476], [34.4657053, 31.5310913], [34.465314, 31.5308472], [34.4638012, 31.5295121], [34.464681, 31.5291864], [34.4655044, 31.5287368], [34.4683237, 31.5268101], [34.4668219, 31.5254556], [34.4660571, 31.524704], [34.4647499, 31.5235569], [34.4637489, 31.5228378], [34.4632375, 31.5225522], [34.4622687, 31.5222899], [34.4620982, 31.522159], [34.4620041, 31.522138], [34.4614974, 31.5217695], [34.4533311, 31.5287066], [34.4532743, 31.5288093], [34.451978, 31.5297584], [34.4507561, 31.5307269], [34.4504253, 31.5309302], [34.451289, 31.5316618], [34.4498695, 31.5329097], [34.4483753, 31.5341059], [34.4497869, 31.5353871], [34.4504715, 31.5359529], [34.4511998, 31.5366576], [34.4525953, 31.5378452], [34.4535226, 31.5387384], [34.4548635, 31.5398605], [34.4556166, 31.54042], [34.4563954, 31.5411054], [34.4584626, 31.5394092], [34.4598493, 31.538181], [34.4606841, 31.537559], [34.4611695, 31.5370952], [34.4618969, 31.536528]]]}}, {"type": "Feature", "properties": {"name": "", "name_en": "Al-Awda", "name_he": "", "admin_level": "10", "osm_id": 3935881}, "geometry": {"type": "Polygon", "coordinates": [[[34.4535226, 31.5387384], [34.4548635, 31.5398605], [34.4556166, 31.54042], [34.4563954, 31.5411054], [34.4584626, 31.5394092], [34.4598493, 31.538181], [34.4606841, 31.537559], [34.4611695, 31.5370952], [34.4618969, 31.536528], [34.4623559, 31.5370536], [34.4629748, 31.537633], [34.4646065, 31.5390299], [34.4650385, 31.5394559], [34.4641709, 31.5402591], [34.4618981, 31.5420938], [34.4600183, 31.5432336], [34.4592767, 31.5435831], [34.4589568, 31.5437924], [34.4581751, 31.5442165], [34.4570682, 31.544895], [34.4564381, 31.5452352], [34.4550864, 31.5461008], [34.4541035, 31.5466569], [34.4517593, 31.5482902], [34.45146, 31.5478007], [34.4504264, 31.5465313], [34.449615, 31.5454646], [34.4485032, 31.5443214], [34.4516665, 31.5420464], [34.4507173, 31.5411033], [34.4507096, 31.5410125], [34.4535226, 31.5387384]]]}}, {"type": "Feature", "properties": {"name": "الجديدة", "name_en": "Al-Jadida", "name_he": "", "admin_level": "10", "osm_id": 3935827}, "geometry": {"type": "Polygon", "coordinates": [[[34.4807043, 31.4911766], [34.4806739, 31.49107], [34.4805209, 31.491228], [34.4788202, 31.493872], [34.4775455, 31.4952675], [34.4750161, 31.4967385], [34.4743182, 31.4972698], [34.4736979, 31.4978064], [34.4727266, 31.4987404], [34.470786, 31.4996824], [34.470501, 31.4999361], [34.4697466, 31.5007112], [34.4680936, 31.5021989], [34.4680913, 31.5022569], [34.4678316, 31.502453], [34.4686894, 31.5033331], [34.4694942, 31.5045408], [34.4698179, 31.5051209], [34.4703035, 31.5058891], [34.4710426, 31.5068858], [34.4712326, 31.5065793], [34.4714599, 31.5064854], [34.4726768, 31.5057978], [34.4728918, 31.5059122], [34.4746353, 31.5061906], [34.4761573, 31.5062209], [34.4773001, 31.5065234], [34.4789872, 31.5070287], [34.480817, 31.5076946], [34.4830098, 31.5081458], [34.4835001, 31.5085024], [34.4840461, 31.508703], [34.4851047, 31.5089035], [34.485526, 31.5089511], [34.486006, 31.5089726], [34.4870925, 31.5089431], [34.4896385, 31.508962], [34.4918184, 31.5088078], [34.4939074, 31.5085358], [34.4947988, 31.5085358], [34.4965816, 31.508391], [34.498175, 31.5084355], [34.498565, 31.5084912], [34.4986451, 31.5084438], [34.4974217, 31.5075649], [34.4958852, 31.5066254], [34.4946591, 31.505772], [34.4931823, 31.5048329], [34.4926147, 31.5045178], [34.4921164, 31.5041178], [34.4916553, 31.5035662], [34.4910018, 31.5025606], [34.4879813, 31.4983501], [34.4867387, 31.4968063], [34.4860889, 31.4959334], [34.4844714, 31.4944056], [34.4820844, 31.4924373], [34.4808633, 31.4912812], [34.4807043, 31.4911766]]]}}, {"type": "Feature", "properties": {"name": "", "name_en": "Beach Camp", "name_he": "שאטי", "admin_level": "10", "osm_id": 3935887}, "geometry": {"type": "Polygon", "coordinates": [[[34.4535226, 31.5387384], [34.4507096, 31.5410125], [34.4507173, 31.5411033], [34.4516665, 31.5420464], [34.4485032, 31.5443214], [34.4372622, 31.5324271], [34.4395691, 31.5310138], [34.4398725, 31.5307394], [34.4400738, 31.5308929], [34.440295, 31.5306715], [34.4413841, 31.5298478], [34.4417924, 31.5302071], [34.4420092, 31.5302031], [34.4428155, 31.5297878], [34.442927, 31.5298789], [34.443658, 31.5294305], [34.4440535, 31.5298356], [34.4443394, 31.5302143], [34.4461374, 31.529272], [34.4467227, 31.5300672], [34.4474204, 31.5296488], [34.4496868, 31.5281312], [34.4499058, 31.5280192], [34.4507727, 31.5287756], [34.451978, 31.5297584], [34.4507561, 31.5307269], [34.4504253, 31.5309302], [34.451289, 31.5316618], [34.4498695, 31.5329097], [34.4483753, 31.5341059], [34.4497869, 31.5353871], [34.4504715, 31.5359529], [34.4511998, 31.5366576], [34.4525953, 31.5378452], [34.4535226, 31.5387384]]]}}, {"type": "Feature", "properties": {"name": "الدرج", "name_en": "Daraj", "name_he": "", "admin_level": "10", "osm_id": 3935868}, "geometry": {"type": "Polygon", "coordinates": [[[34.4517529, 31.5134598], [34.4522674, 31.5129804], [34.4527743, 31.5124425], [34.4534774, 31.5118346], [34.4548029, 31.5108968], [34.4553268, 31.5105875], [34.4561432, 31.5099552], [34.4570616, 31.5093039], [34.4578846, 31.5087715], [34.4598908, 31.5073652], [34.460117, 31.5075279], [34.4605843, 31.5077331], [34.460825, 31.5077921], [34.4615879, 31.5082018], [34.4618954, 31.5083301], [34.4623598, 31.5087582], [34.462868, 31.5089552], [34.4632495, 31.5089651], [34.4634074, 31.5089491], [34.4641202, 31.5087251], [34.4647326, 31.5083756], [34.4656544, 31.5082265], [34.46586, 31.5081575], [34.4662923, 31.5078649], [34.4666906, 31.5075025], [34.4681651, 31.5067995], [34.4684794, 31.5067161], [34.4686774, 31.5066981], [34.4696968, 31.5069113], [34.469804, 31.5074421], [34.4696485, 31.5074999], [34.4695031, 31.5076775], [34.4686475, 31.5083106], [34.4686263, 31.5084257], [34.4679492, 31.5092969], [34.4676578, 31.5103493], [34.4679049, 31.5104305], [34.4688039, 31.5105946], [34.469073, 31.5106829], [34.4688701, 31.5113471], [34.4687966, 31.5116985], [34.4688258, 31.512772], [34.4686926, 31.5134669], [34.4687038, 31.5137324], [34.4687998, 31.5140105], [34.4692562, 31.5148986], [34.469494, 31.5155368], [34.46966, 31.5158263], [34.4700927, 31.5162462], [34.4709608, 31.5169287], [34.4720578, 31.5176905], [34.4722825, 31.5179734], [34.4732267, 31.5189685], [34.4739, 31.5195481], [34.4747702, 31.5202611], [34.4760941, 31.5211843], [34.4760277, 31.5213567], [34.4760708, 31.5213856], [34.4759109, 31.5215594], [34.475655, 31.5213637], [34.4742861, 31.522521], [34.4740931, 31.5224323], [34.4729436, 31.5233451], [34.4725944, 31.5235882], [34.4721803, 31.5238114], [34.4714988, 31.5244037], [34.4706806, 31.5249641], [34.4702963, 31.5245561], [34.4692645, 31.5250475], [34.4688507, 31.5253202], [34.4694994, 31.5258527], [34.4683237, 31.5268101], [34.4668219, 31.5254556], [34.4660571, 31.524704], [34.4647499, 31.5235569], [34.4637489, 31.5228378], [34.4632375, 31.5225522], [34.4622687, 31.5222899], [34.4620982, 31.522159], [34.4620041, 31.522138], [34.4614974, 31.5217695], [34.4611751, 31.5214205], [34.4593415, 31.5198845], [34.4580641, 31.5187101], [34.4560775, 31.5170631], [34.4537507, 31.5150114], [34.4526243, 31.5140916], [34.4517529, 31.5134598]]]}}, {"type": "Feature", "properties": {"name": "North Remal", "name_en": "North Remal", "name_he": "", "admin_level": "10", "osm_id": 3935878}, "geometry": {"type": "Polygon", "coordinates": [[[34.4355594, 31.5305054], [34.4372622, 31.5324271], [34.4395691, 31.5310138], [34.4398725, 31.5307394], [34.4400738, 31.5308929], [34.440295, 31.5306715], [34.4413841, 31.5298478], [34.4417924, 31.5302071], [34.4420092, 31.5302031], [34.4428155, 31.5297878], [34.442927, 31.5298789], [34.443658, 31.5294305], [34.4440535, 31.5298356], [34.4443394, 31.5302143], [34.4461374, 31.529272], [34.4467227, 31.5300672], [34.4474204, 31.5296488], [34.4496868, 31.5281312], [34.4499058, 31.5280192], [34.4507727, 31.5287756], [34.451978, 31.5297584], [34.4532743, 31.5288093], [34.4533311, 31.5287066], [34.4614974, 31.5217695], [34.4611751, 31.5214205], [34.4593415, 31.5198845], [34.4580641, 31.5187101], [34.4560775, 31.5170631], [34.4537507, 31.5150114], [34.4526243, 31.5140916], [34.4517529, 31.5134598], [34.450933, 31.5142967], [34.4508907, 31.5143876], [34.4506738, 31.5146286], [34.4496041, 31.5155829], [34.4479394, 31.5169536], [34.4472741, 31.5174166], [34.4453778, 31.5184336], [34.4445557, 31.51891], [34.4445222, 31.5189968], [34.4430711, 31.5200763], [34.4424403, 31.5206845], [34.4419482, 31.5212243], [34.4415738, 31.5215277], [34.4401917, 31.5229679], [34.4395076, 31.523962], [34.4394471, 31.5241175], [34.4394369, 31.5242705], [34.4395421, 31.524967], [34.4395506, 31.5252609], [34.4388033, 31.5265974], [34.4382678, 31.5273168], [34.4379473, 31.5278192], [34.4355594, 31.5305054]]]}}, {"type": "Feature", "properties": {"name": "المدينة القديمة", "name_en": "Old City", "name_he": "", "admin_level": "10", "osm_id": 3935842}, "geometry": {"type": "Polygon", "coordinates": [[[34.4696968, 31.5069113], [34.4686774, 31.5066981], [34.4684794, 31.5067161], [34.4681651, 31.5067995], [34.4666906, 31.5075025], [34.4662923, 31.5078649], [34.46586, 31.5081575], [34.4656544, 31.5082265], [34.4647326, 31.5083756], [34.4641202, 31.5087251], [34.4634074, 31.5089491], [34.462868, 31.5089552], [34.4623598, 31.5087582], [34.4618954, 31.5083301], [34.4615879, 31.5082018], [34.460825, 31.5077921], [34.4605843, 31.5077331], [34.460117, 31.5075279], [34.4598908, 31.5073652], [34.4596396, 31.5075423], [34.4592116, 31.5062765], [34.4589997, 31.5057915], [34.4587996, 31.5051376], [34.458712, 31.5045721], [34.4587295, 31.5043794], [34.4587774, 31.5042677], [34.4586208, 31.5037955], [34.459558, 31.5033538], [34.4609103, 31.5023225], [34.4610684, 31.5020937], [34.4610401, 31.5012922], [34.4611683, 31.5009689], [34.4615779, 31.500773], [34.4618583, 31.5007124], [34.4627067, 31.5006264], [34.4631337, 31.500614], [34.4632419, 31.5005728], [34.4639569, 31.4998247], [34.4656869, 31.5008814], [34.4669344, 31.5017148], [34.4678316, 31.502453], [34.4686894, 31.5033331], [34.4694942, 31.5045408], [34.4698179, 31.5051209], [34.4703035, 31.5058891], [34.4710426, 31.5068858], [34.4707212, 31.5070069], [34.4696968, 31.5069113]]]}}, {"type": "Feature", "properties": {"name": "الصبرة", "name_en": "Sabra", "name_he": "סברה", "admin_level": "10", "osm_id": 3935866}, "geometry": {"type": "Polygon", "coordinates": [[[34.4411, 31.5038221], [34.4413373, 31.5039809], [34.4415322, 31.5039815], [34.4423055, 31.5041534], [34.4426504, 31.5043207], [34.4438324, 31.5050202], [34.4461496, 31.5064938], [34.448371, 31.5051513], [34.4486269, 31.505029], [34.4496262, 31.5046641], [34.4508501, 31.504069], [34.4511649, 31.5038523], [34.4517783, 31.50435], [34.4521922, 31.5040872], [34.4524871, 31.5038471], [34.4535097, 31.5031898], [34.4544243, 31.5029278], [34.457468, 31.5018829], [34.4577446, 31.5022488], [34.4578863, 31.5023742], [34.458102, 31.5029252], [34.4586208, 31.5037955], [34.4587774, 31.5042677], [34.4587295, 31.5043794], [34.458712, 31.5045721], [34.4587996, 31.5051376], [34.4589997, 31.5057915], [34.4592116, 31.5062765], [34.4596396, 31.5075423], [34.4578542, 31.5087923], [34.4570616, 31.5093039], [34.4561432, 31.5099552], [34.4553268, 31.5105875], [34.4548029, 31.5108968], [34.4534774, 31.5118346], [34.4527743, 31.5124425], [34.4522674, 31.5129804], [34.4511737, 31.5140427], [34.450813, 31.5144575], [34.4486406, 31.5128858], [34.4481744, 31.5123612], [34.4474367, 31.5113804], [34.4473247, 31.5112953], [34.4471777, 31.5113312], [34.446184, 31.5119078], [34.4452305, 31.5124908], [34.4451405, 31.512596], [34.4448634, 31.5123761], [34.4446444, 31.5123064], [34.4434314, 31.5116536], [34.4420149, 31.5107128], [34.4404572, 31.5095714], [34.4399734, 31.5091833], [34.4375511, 31.5074786], [34.4379002, 31.5070553], [34.4380865, 31.5069269], [34.4411, 31.5038221]]]}}, {"type": "Feature", "properties": {"name": "الشيخ رضوان", "name_en": "Sheik Radwan", "name_he": "שייח' רד'ואן", "admin_level": "10", "osm_id": 3935884}, "geometry": {"type": "Polygon", "coordinates": [[[34.4683237, 31.5268101], [34.4655044, 31.5287368], [34.464681, 31.5291864], [34.4638012, 31.5295121], [34.465314, 31.5308472], [34.4657053, 31.5310913], [34.4661387, 31.531476], [34.4667048, 31.5320684], [34.4667352, 31.5323266], [34.4648995, 31.5338968], [34.4646752, 31.5341403], [34.4639576, 31.5347021], [34.4634976, 31.535155], [34.4626396, 31.5358146], [34.4618969, 31.536528], [34.4623559, 31.5370536], [34.4629748, 31.537633], [34.4646065, 31.5390299], [34.4650385, 31.5394559], [34.4652245, 31.5392189], [34.4666978, 31.5380529], [34.4671634, 31.5377455], [34.4725916, 31.5336158], [34.4730248, 31.5333571], [34.473799, 31.5327311], [34.474905, 31.5317319], [34.4752859, 31.5315419], [34.475727, 31.5314633], [34.4765205, 31.5312634], [34.4772559, 31.5310392], [34.4769752, 31.5306873], [34.4771078, 31.5306105], [34.4764924, 31.5300147], [34.4771009, 31.5295303], [34.4767488, 31.5294241], [34.4763481, 31.5291308], [34.4767924, 31.5289207], [34.4770307, 31.5286838], [34.4757541, 31.5276906], [34.4754385, 31.5274038], [34.4751425, 31.5274682], [34.4750552, 31.527449], [34.4746453, 31.5276797], [34.4742784, 31.5273775], [34.4739848, 31.5276012], [34.4730219, 31.5272499], [34.4713665, 31.5268327], [34.4711153, 31.5267396], [34.4707219, 31.5265481], [34.4704841, 31.5264812], [34.4694994, 31.5258527], [34.4683237, 31.5268101]]]}}, {"type": "Feature", "properties": {"name": "شاطئ بحر غزة Sheikh Ijlin", "name_en": "Sheikh Ijlin", "name_he": "", "admin_level": "10", "osm_id": 3935820}, "geometry": {"type": "Polygon", "coordinates": [[[34.4213393, 31.4948971], [34.4216739, 31.4944688], [34.4239093, 31.4951589], [34.424383, 31.4953522], [34.4249643, 31.496309], [34.4252895, 31.4966977], [34.4257495, 31.4969753], [34.4263048, 31.4972609], [34.4307309, 31.4991487], [34.432119, 31.4997753], [34.4328091, 31.5001561], [34.4333168, 31.5004972], [34.433634, 31.5006479], [34.4337264, 31.5007669], [34.4339636, 31.5009071], [34.4318779, 31.5013882], [34.431434, 31.5016283], [34.4293817, 31.5029798], [34.4281355, 31.5036801], [34.4283504, 31.503958], [34.4284364, 31.5041474], [34.4330152, 31.5093957], [34.4326239, 31.5096452], [34.4320946, 31.5100712], [34.4292938, 31.5118735], [34.428437, 31.5124763], [34.4266187, 31.5136478], [34.4258245, 31.5142115], [34.4254753, 31.5145322], [34.4222123, 31.5168267], [34.4117485, 31.5049149], [34.4144731, 31.5026622], [34.4173287, 31.5003817], [34.4194277, 31.4980779], [34.4194673, 31.4975861], [34.4195428, 31.4973897], [34.4201006, 31.4965383], [34.4206333, 31.4960314], [34.4209903, 31.4954206], [34.4213393, 31.4948971]]]}}, {"type": "Feature", "properties": {"name": "", "name_en": "Shuja'iyya", "name_he": "שג'אעייה", "admin_level": "10", "osm_id": 19919238}, "geometry": {"type": "Polygon", "coordinates": [[[34.4714599, 31.5064854], [34.4726768, 31.5057978], [34.4728918, 31.5059122], [34.4746353, 31.5061906], [34.4762685, 31.5062404], [34.4789872, 31.5070287], [34.480817, 31.5076946], [34.4830098, 31.5081458], [34.4835001, 31.5085024], [34.4840461, 31.508703], [34.4851047, 31.5089035], [34.485526, 31.5089511], [34.486006, 31.5089726], [34.4870925, 31.5089431], [34.4896385, 31.508962], [34.4918184, 31.5088078], [34.4939074, 31.5085358], [34.4947988, 31.5085358], [34.4965816, 31.508391], [34.498175, 31.5084355], [34.498565, 31.5084912], [34.4986451, 31.5084438], [34.4974217, 31.5075649], [34.4958852, 31.5066254], [34.4946591, 31.505772], [34.4931823, 31.5048329], [34.4926147, 31.5045178], [34.4921164, 31.5041178], [34.4916553, 31.5035662], [34.4910018, 31.5025606], [34.4879813, 31.4983501], [34.4859651, 31.4957968], [34.485516, 31.4954168], [34.4844714, 31.4944056], [34.4820844, 31.4924373], [34.4808633, 31.4912812], [34.4807043, 31.4911766], [34.4806945, 31.491103], [34.4805361, 31.490888], [34.4782592, 31.4884042], [34.4779251, 31.4880042], [34.4766416, 31.4866362], [34.476487, 31.4865683], [34.4740669, 31.4839593], [34.4737493, 31.4837023], [34.4735233, 31.483601], [34.471912, 31.4832225], [34.4711252, 31.4828729], [34.4687945, 31.4811465], [34.4679569, 31.4802345], [34.4678669, 31.4800637], [34.4673821, 31.4794184], [34.4672834, 31.4792397], [34.4670053, 31.479484], [34.4669986, 31.4796036], [34.4671486, 31.4802327], [34.4671251, 31.481175], [34.4671626, 31.4822636], [34.4672338, 31.48237], [34.4672158, 31.4829474], [34.4658387, 31.484038], [34.4654877, 31.4841383], [34.4654041, 31.4841049], [34.4617171, 31.4857255], [34.4607711, 31.4863818], [34.4582763, 31.4884906], [34.4600716, 31.4900583], [34.4602828, 31.4909033], [34.4603678, 31.4915659], [34.4604979, 31.4922429], [34.460918, 31.4931306], [34.4610035, 31.4934197], [34.4610865, 31.4938036], [34.4611555, 31.4945717], [34.4608927, 31.496032], [34.46039, 31.4975862], [34.4609088, 31.4978316], [34.4624066, 31.49876], [34.4639569, 31.4998247], [34.4656869, 31.5008814], [34.4669344, 31.5017148], [34.4678316, 31.502453], [34.4686894, 31.5033331], [34.4694942, 31.5045408], [34.4698179, 31.5051209], [34.4703035, 31.5058891], [34.4710426, 31.5068858], [34.4712326, 31.5065793], [34.4714599, 31.5064854]]]}}, {"type": "Feature", "properties": {"name": "South Remal", "name_en": "South Remal", "name_he": "", "admin_level": "10", "osm_id": 3935876}, "geometry": {"type": "Polygon", "coordinates": [[[34.4375511, 31.5074786], [34.4399734, 31.5091833], [34.4404572, 31.5095714], [34.4420149, 31.5107128], [34.4434314, 31.5116536], [34.4446444, 31.5123064], [34.4448634, 31.5123761], [34.4451405, 31.512596], [34.4452305, 31.5124908], [34.446184, 31.5119078], [34.4471777, 31.5113312], [34.4473247, 31.5112953], [34.4474367, 31.5113804], [34.4481744, 31.5123612], [34.4486406, 31.5128858], [34.450813, 31.5144575], [34.4506738, 31.5146286], [34.4496041, 31.5155829], [34.4479394, 31.5169536], [34.4472741, 31.5174166], [34.4453778, 31.5184336], [34.4445557, 31.51891], [34.4445222, 31.5189968], [34.4430711, 31.5200763], [34.4424403, 31.5206845], [34.4419482, 31.5212243], [34.4415738, 31.5215277], [34.4401917, 31.5229679], [34.4395076, 31.523962], [34.4394471, 31.5241175], [34.4394369, 31.5242705], [34.4395421, 31.524967], [34.4395506, 31.5252609], [34.4388033, 31.5265974], [34.4382678, 31.5273168], [34.4379473, 31.5278192], [34.4355594, 31.5305054], [34.4312173, 31.5302097], [34.4276723, 31.5274521], [34.4264988, 31.5253964], [34.4262793, 31.522569], [34.4222123, 31.5168267], [34.4254753, 31.5145322], [34.4258245, 31.5142115], [34.4266187, 31.5136478], [34.428437, 31.5124763], [34.4292938, 31.5118735], [34.4320946, 31.5100712], [34.4326239, 31.5096452], [34.433879, 31.5088448], [34.4360664, 31.5073352], [34.4367344, 31.5069627], [34.4375511, 31.5074786]]]}}, {"type": "Feature", "properties": {"name": "تل الهوى", "name_en": "Tal al Hawa", "name_he": "תל אל-הווא", "admin_level": "10", "osm_id": 3935865}, "geometry": {"type": "Polygon", "coordinates": [[[34.4411, 31.5038221], [34.4380865, 31.5069269], [34.4379002, 31.5070553], [34.4375511, 31.5074786], [34.4367344, 31.5069627], [34.4360664, 31.5073352], [34.433879, 31.5088448], [34.4330152, 31.5093957], [34.4284364, 31.5041474], [34.4283504, 31.503958], [34.4281355, 31.5036801], [34.4293817, 31.5029798], [34.431434, 31.5016283], [34.4318779, 31.5013882], [34.4334237, 31.5010179], [34.4337199, 31.5009745], [34.4340473, 31.5008627], [34.4349862, 31.5006503], [34.4386766, 31.50001], [34.4391056, 31.4998643], [34.4393832, 31.4996928], [34.4400609, 31.5005435], [34.4406447, 31.5009229], [34.4418531, 31.5015991], [34.4426233, 31.5021142], [34.4431016, 31.5025562], [34.4411, 31.5038221]]]}}, {"type": "Feature", "properties": {"name": "Tuffah", "name_en": "Tuffah", "name_he": "", "admin_level": "10", "osm_id": 3935841}, "geometry": {"type": "Polygon", "coordinates": [[[34.4789872, 31.5070287], [34.4762685, 31.5062404], [34.4746353, 31.5061906], [34.4728918, 31.5059122], [34.4726768, 31.5057978], [34.4714599, 31.5064854], [34.4712326, 31.5065793], [34.4710426, 31.5068858], [34.4709463, 31.5069277], [34.4707212, 31.5070069], [34.4696968, 31.5069113], [34.469804, 31.5074421], [34.4696485, 31.5074999], [34.4695031, 31.5076775], [34.4686475, 31.5083106], [34.4686263, 31.5084257], [34.4679492, 31.5092969], [34.4676578, 31.5103493], [34.4679049, 31.5104305], [34.4688039, 31.5105946], [34.469073, 31.5106829], [34.4688701, 31.5113471], [34.4687966, 31.5116985], [34.4688258, 31.512772], [34.4686926, 31.5134669], [34.4687038, 31.5137324], [34.4687998, 31.5140105], [34.4692562, 31.5148986], [34.469494, 31.5155368], [34.46966, 31.5158263], [34.4700927, 31.5162462], [34.4709608, 31.5169287], [34.4720578, 31.5176905], [34.4722825, 31.5179734], [34.4732267, 31.5189685], [34.4739, 31.5195481], [34.4747702, 31.5202611], [34.4760941, 31.5211843], [34.4766211, 31.5206171], [34.4768643, 31.5207374], [34.4772549, 31.5204874], [34.4775533, 31.5207429], [34.4781782, 31.5204425], [34.4804209, 31.519659], [34.4795112, 31.5186208], [34.4798727, 31.5183903], [34.4806, 31.518029], [34.480182, 31.517205], [34.4798643, 31.51686], [34.4807204, 31.5160935], [34.4814635, 31.5164318], [34.4814873, 31.5164676], [34.481784, 31.5165681], [34.4827081, 31.5169713], [34.4831725, 31.5171304], [34.4845728, 31.5174935], [34.4856317, 31.5165673], [34.48698, 31.517306], [34.4882937, 31.5179577], [34.488932, 31.5183226], [34.4899816, 31.5172246], [34.490813, 31.5166057], [34.4924896, 31.515681], [34.4932494, 31.5150669], [34.4932623, 31.5149524], [34.4936912, 31.5145718], [34.4942451, 31.5140131], [34.4955944, 31.5127861], [34.4988379, 31.509703], [34.4995031, 31.5091381], [34.4992443, 31.5088837], [34.4986451, 31.5084438], [34.498565, 31.5084912], [34.498175, 31.5084355], [34.4974842, 31.5084021], [34.4965816, 31.508391], [34.4947988, 31.5085358], [34.4939074, 31.5085358], [34.4918184, 31.5088078], [34.4901794, 31.5089374], [34.4896385, 31.508962], [34.4870925, 31.5089431], [34.486006, 31.5089726], [34.485526, 31.5089511], [34.4851047, 31.5089035], [34.4840461, 31.508703], [34.4835001, 31.5085024], [34.4830098, 31.5081458], [34.480817, 31.5076946], [34.4789872, 31.5070287]]]}}, {"type": "Feature", "properties": {"name": "تركمان", "name_en": "Turukman", "name_he": "", "admin_level": "10", "osm_id": 3935826}, "geometry": {"type": "Polygon", "coordinates": [[[34.476487, 31.4865683], [34.4740669, 31.4839593], [34.4737493, 31.4837023], [34.4733148, 31.4835415], [34.471912, 31.4832225], [34.4711252, 31.4828729], [34.4687945, 31.4811465], [34.4679569, 31.4802345], [34.4678669, 31.4800637], [34.4673821, 31.4794184], [34.4672834, 31.4792397], [34.4670053, 31.479484], [34.4669986, 31.4796036], [34.4671486, 31.4802327], [34.4671251, 31.481175], [34.4671626, 31.4822636], [34.4672338, 31.48237], [34.4672158, 31.4829474], [34.4658387, 31.484038], [34.4654877, 31.4841383], [34.4654041, 31.4841049], [34.4617171, 31.4857255], [34.4607711, 31.4863818], [34.4582763, 31.4884906], [34.4600716, 31.4900583], [34.4602828, 31.4909033], [34.4603678, 31.4915659], [34.4604979, 31.4922429], [34.460918, 31.4931306], [34.4610035, 31.4934197], [34.4610865, 31.4938036], [34.4611555, 31.4945717], [34.4608927, 31.496032], [34.46039, 31.4975862], [34.4609088, 31.4978316], [34.4624066, 31.49876], [34.4639569, 31.4998247], [34.4656869, 31.5008814], [34.4669344, 31.5017148], [34.4678316, 31.502453], [34.4680913, 31.5022569], [34.4680936, 31.5021989], [34.4697466, 31.5007112], [34.470501, 31.4999361], [34.470786, 31.4996824], [34.4727266, 31.4987404], [34.4736979, 31.4978064], [34.4743182, 31.4972698], [34.4750161, 31.4967385], [34.4775455, 31.4952675], [34.4788202, 31.493872], [34.4802533, 31.4916291], [34.4805209, 31.491228], [34.4806739, 31.49107], [34.4779251, 31.4880042], [34.4766416, 31.4866362], [34.476487, 31.4865683]]]}}, {"type": "Feature", "properties": {"name": "الزيتون", "name_en": "Zeitun", "name_he": "", "admin_level": "10", "osm_id": 3935821}, "geometry": {"type": "Polygon", "coordinates": [[[34.448851, 31.4705105], [34.4447704, 31.4737994], [34.4453304, 31.4744969], [34.4462031, 31.4756769], [34.44537, 31.4762511], [34.4445835, 31.4752977], [34.4443403, 31.4755301], [34.4434234, 31.4762129], [34.4407398, 31.4781323], [34.4412051, 31.4785897], [34.4412982, 31.4789764], [34.4406291, 31.4795075], [34.4387364, 31.4780902], [34.4388949, 31.4779024], [34.4379764, 31.4769487], [34.4366881, 31.4773742], [34.4357435, 31.4779435], [34.4352976, 31.4778921], [34.4349532, 31.478099], [34.4342843, 31.4775573], [34.4325253, 31.4763796], [34.4292166, 31.477134], [34.4258862, 31.4801498], [34.4247334, 31.4796995], [34.4223515, 31.4805869], [34.4194866, 31.4823945], [34.4222021, 31.4855598], [34.420369, 31.4870025], [34.4198963, 31.48756], [34.4201745, 31.4877593], [34.4206384, 31.4882231], [34.4213041, 31.4888032], [34.4215365, 31.4890629], [34.4232309, 31.4919729], [34.4211406, 31.4945772], [34.4214811, 31.4947472], [34.4216739, 31.4944688], [34.4239093, 31.4951589], [34.424383, 31.4953522], [34.4249643, 31.496309], [34.4252895, 31.4966977], [34.4257495, 31.4969753], [34.4263048, 31.4972609], [34.4307309, 31.4991487], [34.432119, 31.4997753], [34.4328091, 31.5001561], [34.4333168, 31.5004972], [34.433634, 31.5006479], [34.4337264, 31.5007669], [34.4339636, 31.5009071], [34.4340473, 31.5008627], [34.4349862, 31.5006503], [34.4386766, 31.50001], [34.4391056, 31.4998643], [34.4393832, 31.4996928], [34.4400609, 31.5005435], [34.4406447, 31.5009229], [34.4418531, 31.5015991], [34.4426233, 31.5021142], [34.4431016, 31.5025562], [34.4411, 31.5038221], [34.4413373, 31.5039809], [34.4415322, 31.5039815], [34.4423055, 31.5041534], [34.4426504, 31.5043207], [34.4438324, 31.5050202], [34.4461496, 31.5064938], [34.448371, 31.5051513], [34.4486269, 31.505029], [34.4496262, 31.5046641], [34.4508501, 31.504069], [34.4511649, 31.5038523], [34.4517783, 31.50435], [34.4521922, 31.5040872], [34.4524871, 31.5038471], [34.4535097, 31.5031898], [34.4544243, 31.5029278], [34.457468, 31.5018829], [34.4577446, 31.5022488], [34.4578863, 31.5023742], [34.458102, 31.5029252], [34.4586208, 31.5037955], [34.459558, 31.5033538], [34.4609103, 31.5023225], [34.4610684, 31.5020937], [34.4610401, 31.5012922], [34.4611683, 31.5009689], [34.4615779, 31.500773], [34.4618583, 31.5007124], [34.4627067, 31.5006264], [34.4631337, 31.500614], [34.4632419, 31.5005728], [34.4639569, 31.4998247], [34.4624066, 31.49876], [34.4609088, 31.4978316], [34.46039, 31.4975862], [34.4608927, 31.496032], [34.4611555, 31.4945717], [34.4610865, 31.4938036], [34.4610035, 31.4934197], [34.460918, 31.4931306], [34.4604979, 31.4922429], [34.4603678, 31.4915659], [34.4602828, 31.4909033], [34.4600716, 31.4900583], [34.4582763, 31.4884906], [34.4607711, 31.4863818], [34.4617171, 31.4857255], [34.4654041, 31.4841049], [34.4654877, 31.4841383], [34.4658387, 31.484038], [34.4672158, 31.4829474], [34.4672338, 31.48237], [34.4671626, 31.4822636], [34.4671251, 31.481175], [34.4671486, 31.4802327], [34.4669986, 31.4796036], [34.4670053, 31.479484], [34.4672834, 31.4792397], [34.4667615, 31.4785968], [34.4666874, 31.4784584], [34.4667378, 31.4782598], [34.4665827, 31.477987], [34.4662171, 31.477833], [34.4660236, 31.4776607], [34.4653083, 31.4767172], [34.4651447, 31.4765486], [34.4647916, 31.4762784], [34.4633332, 31.4747645], [34.4598899, 31.4715304], [34.4593834, 31.4712328], [34.4535799, 31.4715636], [34.453062, 31.4715501], [34.452293, 31.4714302], [34.448851, 31.4705105]]]}}, {"type": "Feature", "properties": {"name": "عبسان الصغيرة", "name_en": "'Abasan al-Saghira", "name_he": "עבסאן אל-סע'ירה", "admin_level": "8", "osm_id": 10523732}, "geometry": {"type": "Polygon", "coordinates": [[[34.3667339, 31.3475513], [34.3683019, 31.3364855], [34.3686872, 31.3342442], [34.367607, 31.3344882], [34.3642411, 31.3358956], [34.3629755, 31.3364861], [34.3619395, 31.3367087], [34.3620028, 31.3369098], [34.3599491, 31.337206], [34.3580217, 31.337353], [34.3564005, 31.3375512], [34.3555704, 31.3359365], [34.355126, 31.3361169], [34.3540999, 31.3361192], [34.3537531, 31.3358861], [34.351708, 31.3365857], [34.3504526, 31.3370768], [34.3494279, 31.3375632], [34.3489714, 31.3369571], [34.348117, 31.3374362], [34.34777, 31.3371127], [34.3470584, 31.3375147], [34.3469491, 31.337454], [34.3460778, 31.336353], [34.346201, 31.3362262], [34.3476788, 31.3351175], [34.3477322, 31.3350215], [34.3475661, 31.3347615], [34.342654, 31.3355688], [34.3420946, 31.3357487], [34.3413072, 31.3361067], [34.3400994, 31.334252], [34.3392904, 31.3346581], [34.3382227, 31.3353367], [34.3370991, 31.3360863], [34.3360935, 31.3369077], [34.3375164, 31.338336], [34.3392116, 31.3402833], [34.339724, 31.3409571], [34.3398982, 31.3410942], [34.340218, 31.3417886], [34.3404561, 31.3421251], [34.3408585, 31.3428078], [34.3417543, 31.3445808], [34.3419635, 31.344874], [34.3425322, 31.3455017], [34.3442541, 31.3471923], [34.3449268, 31.348132], [34.3473342, 31.3483944], [34.348972, 31.3484636], [34.3505883, 31.348582], [34.3531882, 31.3485775], [34.3569746, 31.3483995], [34.3596357, 31.3484034], [34.3605723, 31.3483232], [34.3620746, 31.3480126], [34.3646181, 31.3475764], [34.3654981, 31.3475383], [34.3656432, 31.3478182], [34.3662745, 31.3475298], [34.3667339, 31.3475513]]]}}, {"type": "Feature", "properties": {"name": "عبسان الكبيرة", "name_en": "Abasan al-Kabira", "name_he": "עבאסן אל-כבירה", "admin_level": "8", "osm_id": 10523733}, "geometry": {"type": "Polygon", "coordinates": [[[34.3686872, 31.3342442], [34.3700578, 31.3262695], [34.3705105, 31.3234692], [34.3702088, 31.3232277], [34.3693518, 31.3223369], [34.3672179, 31.3198381], [34.3663715, 31.3190078], [34.3598534, 31.3130789], [34.358551, 31.3121689], [34.3572258, 31.3111001], [34.3571887, 31.311061], [34.3577553, 31.3104747], [34.3576461, 31.3104747], [34.3570988, 31.3100081], [34.3568496, 31.3098926], [34.3561822, 31.3093983], [34.3556532, 31.3090514], [34.3544827, 31.3084428], [34.3559856, 31.3059238], [34.3571931, 31.3040544], [34.3572065, 31.3039469], [34.3571607, 31.3038415], [34.355821, 31.3027858], [34.3550221, 31.3022454], [34.3540371, 31.301646], [34.3521793, 31.3005865], [34.3509668, 31.2998306], [34.3492324, 31.2986685], [34.3485808, 31.2981841], [34.3460581, 31.2966992], [34.3408673, 31.2935462], [34.340123, 31.2946308], [34.3397022, 31.2951712], [34.3389798, 31.2959956], [34.3362279, 31.2990432], [34.3350668, 31.3002657], [34.3335036, 31.3017686], [34.3333865, 31.3017047], [34.3326646, 31.3011072], [34.3321351, 31.3007474], [34.3293982, 31.2994789], [34.3285729, 31.3010625], [34.3280616, 31.3006862], [34.3275212, 31.3004256], [34.3256273, 31.3025641], [34.324898, 31.3034697], [34.3259523, 31.3040306], [34.3275826, 31.3052312], [34.3298163, 31.306702], [34.3295229, 31.3071287], [34.3295609, 31.307218], [34.3323564, 31.3100249], [34.3342886, 31.3123719], [34.3327877, 31.3136194], [34.3303656, 31.3158527], [34.3303131, 31.3161329], [34.3303092, 31.3163907], [34.3292721, 31.3195595], [34.3289663, 31.3206752], [34.3287858, 31.3215303], [34.3317288, 31.3231761], [34.3326685, 31.3237809], [34.3341714, 31.3248751], [34.3327093, 31.326539], [34.3341545, 31.3277194], [34.3351142, 31.3286574], [34.3341965, 31.3292736], [34.3323327, 31.3304088], [34.3303785, 31.3316652], [34.3324867, 31.3335981], [34.333683, 31.3345915], [34.3360935, 31.3369077], [34.3370991, 31.3360863], [34.3382227, 31.3353367], [34.3392904, 31.3346581], [34.3400994, 31.334252], [34.3413072, 31.3361067], [34.3420946, 31.3357487], [34.342654, 31.3355688], [34.3475661, 31.3347615], [34.3477322, 31.3350215], [34.3476788, 31.3351175], [34.346201, 31.3362262], [34.3460778, 31.336353], [34.3469491, 31.337454], [34.3470584, 31.3375147], [34.34777, 31.3371127], [34.348117, 31.3374362], [34.3489714, 31.3369571], [34.3494279, 31.3375632], [34.3504526, 31.3370768], [34.351708, 31.3365857], [34.3537531, 31.3358861], [34.3540999, 31.3361192], [34.355126, 31.3361169], [34.3555704, 31.3359365], [34.3564005, 31.3375512], [34.3580217, 31.337353], [34.3599491, 31.337206], [34.3620028, 31.3369098], [34.3619395, 31.3367087], [34.3629755, 31.3364861], [34.3642411, 31.3358956], [34.367607, 31.3344882], [34.3686872, 31.3342442]]]}}, {"type": "Feature", "properties": {"name": "بني سهيلا", "name_en": "Bani Suheila", "name_he": "בני סוהילה", "admin_level": "8", "osm_id": 10523818}, "geometry": {"type": "Polygon", "coordinates": [[[34.3332099, 31.3547796], [34.331791, 31.3542624], [34.3314028, 31.3541511], [34.3309871, 31.3540751], [34.3303176, 31.3540428], [34.3296025, 31.3540652], [34.3287652, 31.3540379], [34.3259505, 31.3534603], [34.3257855, 31.3533604], [34.3251887, 31.3523613], [34.324796, 31.3509798], [34.3229595, 31.3526073], [34.322817, 31.3527754], [34.3227257, 31.3526792], [34.3200071, 31.3507073], [34.3186333, 31.3497626], [34.3169998, 31.3484881], [34.3163201, 31.3479125], [34.3155941, 31.347182], [34.3151971, 31.3467243], [34.3149222, 31.3461695], [34.3145244, 31.3447126], [34.3142831, 31.3442166], [34.3152699, 31.3435479], [34.3177665, 31.3421841], [34.317757, 31.3416805], [34.3177898, 31.3413459], [34.3182292, 31.3402439], [34.3183695, 31.3397918], [34.3185414, 31.3394887], [34.3183575, 31.339333], [34.3179346, 31.3386211], [34.3185737, 31.3382432], [34.3175499, 31.3371223], [34.3181536, 31.3366803], [34.3188556, 31.3362859], [34.3196407, 31.3357845], [34.3194162, 31.3355838], [34.320993, 31.3345737], [34.322415, 31.3337136], [34.3223533, 31.333092], [34.3222356, 31.3307986], [34.3219883, 31.3295168], [34.3215519, 31.327638], [34.3213167, 31.3263101], [34.321233, 31.3253821], [34.3211042, 31.3244737], [34.321635, 31.3238147], [34.327357, 31.3182289], [34.3291691, 31.3168382], [34.3303656, 31.3158527], [34.3303131, 31.3161329], [34.3303092, 31.3163907], [34.3292721, 31.3195595], [34.3289663, 31.3206752], [34.3287858, 31.3215303], [34.3317288, 31.3231761], [34.3326685, 31.3237809], [34.3341714, 31.3248751], [34.3327093, 31.326539], [34.3341545, 31.3277194], [34.3351142, 31.3286574], [34.3341965, 31.3292736], [34.3323327, 31.3304088], [34.3303785, 31.3316652], [34.3324867, 31.3335981], [34.333683, 31.3345915], [34.3360438, 31.3368446], [34.3375164, 31.338336], [34.3392116, 31.3402833], [34.339724, 31.3409571], [34.3398982, 31.3410942], [34.340218, 31.3417886], [34.3404561, 31.3421251], [34.3408585, 31.3428078], [34.3417543, 31.3445808], [34.3419635, 31.344874], [34.3425322, 31.3455017], [34.3442541, 31.3471923], [34.3449268, 31.348132], [34.3458561, 31.3498428], [34.347184, 31.3525001], [34.3478364, 31.3540529], [34.3481494, 31.3547038], [34.3498064, 31.3566263], [34.3499872, 31.3568942], [34.3501608, 31.3572263], [34.3507605, 31.3586618], [34.3506588, 31.3585661], [34.350444, 31.3585832], [34.3497104, 31.3579822], [34.3488242, 31.357151], [34.3471191, 31.3563674], [34.3463016, 31.3561365], [34.3437637, 31.3558136], [34.3432832, 31.3558287], [34.3407895, 31.3561704], [34.3377565, 31.3562093], [34.3364652, 31.3559027], [34.3346388, 31.3552604], [34.3339426, 31.3550888], [34.3332099, 31.3547796]]]}}, {"type": "Feature", "properties": {"name": "بيت حانون", "name_en": "Beit Hanoun", "name_he": "בית חאנון", "admin_level": "8", "osm_id": 10521480}, "geometry": {"type": "Polygon", "coordinates": [[[34.549277, 31.5538349], [34.5511196, 31.5526833], [34.5525745, 31.5515338], [34.5559139, 31.5486537], [34.558057, 31.5472205], [34.5587814, 31.5467772], [34.5650408, 31.542689], [34.5666802, 31.5414644], [34.5673243, 31.5401214], [34.5663133, 31.5361519], [34.5654314, 31.5332427], [34.5645456, 31.5319131], [34.5605952, 31.5292869], [34.5590514, 31.5284143], [34.5584287, 31.5276108], [34.5581922, 31.5251233], [34.5548057, 31.5228031], [34.5537837, 31.5212465], [34.5539109, 31.5199145], [34.5542243, 31.5187413], [34.5500898, 31.5167205], [34.5467531, 31.5130345], [34.5422508, 31.5112754], [34.5385241, 31.5101167], [34.5380928, 31.5099178], [34.5334303, 31.5143542], [34.5307345, 31.5163678], [34.5302439, 31.5168283], [34.5298415, 31.5174318], [34.5295572, 31.5176807], [34.5293657, 31.5179892], [34.5293105, 31.5181887], [34.5289698, 31.5189752], [34.5285557, 31.5194486], [34.5281303, 31.5201391], [34.5271942, 31.5210445], [34.5265478, 31.5214698], [34.522841, 31.5235013], [34.521181, 31.5244657], [34.5196746, 31.5254411], [34.5192055, 31.5258554], [34.5173328, 31.5270525], [34.5164793, 31.5276716], [34.5145665, 31.5289647], [34.5172466, 31.5304159], [34.5187667, 31.5313294], [34.5193854, 31.5318814], [34.5200265, 31.5325735], [34.5206583, 31.5335716], [34.5220261, 31.536932], [34.5224628, 31.5383191], [34.52333, 31.5398455], [34.5151964, 31.5443707], [34.5170539, 31.5467619], [34.5178006, 31.5474897], [34.5183668, 31.5479604], [34.5186237, 31.5481343], [34.5198981, 31.5487366], [34.5205075, 31.5523426], [34.5232833, 31.5515477], [34.5254486, 31.5532074], [34.5363816, 31.5633381], [34.537778, 31.562222], [34.5428241, 31.5588337], [34.54328, 31.5582864], [34.5435825, 31.5582671], [34.5449574, 31.5576191], [34.545606, 31.5568814], [34.5460459, 31.556208], [34.5481784, 31.5544685], [34.549277, 31.5538349]]]}}, {"type": "Feature", "properties": {"name": "بيت لاهيا", "name_en": "Beit Lahiya", "name_he": "בית לאהיא", "admin_level": "8", "osm_id": 10521481}, "geometry": {"type": "Polygon", "coordinates": [[[34.4938127, 31.5931824], [34.489801, 31.5957511], [34.4879386, 31.5968541], [34.4606541, 31.560461], [34.4627326, 31.5587168], [34.4657545, 31.5560313], [34.4659948, 31.5556067], [34.4691914, 31.5529156], [34.473491, 31.5491835], [34.4747195, 31.5480776], [34.4750371, 31.5476348], [34.4752712, 31.5473983], [34.4766973, 31.5457163], [34.4783226, 31.5469169], [34.4795655, 31.5474575], [34.4794859, 31.5475627], [34.4803907, 31.5482509], [34.4806542, 31.5479475], [34.4807638, 31.5479487], [34.4812895, 31.5475096], [34.4816492, 31.5470709], [34.4821709, 31.5465457], [34.4836636, 31.5456437], [34.4838832, 31.5456269], [34.4870187, 31.5458457], [34.4875437, 31.545911], [34.488129, 31.5460576], [34.4883236, 31.5461708], [34.4884888, 31.5463213], [34.4890806, 31.5457026], [34.4894562, 31.5455323], [34.4896382, 31.5458365], [34.4896784, 31.5458589], [34.4897439, 31.5458469], [34.4899971, 31.5456383], [34.4901226, 31.5456121], [34.490309, 31.5456702], [34.4906262, 31.545844], [34.4910964, 31.5459143], [34.4915524, 31.5461873], [34.4918314, 31.546303], [34.4921863, 31.5463538], [34.4927106, 31.5463078], [34.4928267, 31.5462667], [34.4937773, 31.5454619], [34.4935225, 31.5450538], [34.4933048, 31.5445062], [34.4931704, 31.544335], [34.4927916, 31.5439688], [34.4935125, 31.544103], [34.4941067, 31.5441757], [34.4941601, 31.5441497], [34.4945584, 31.5436998], [34.4951935, 31.5445593], [34.4967002, 31.5435352], [34.4969732, 31.5437256], [34.4970784, 31.5436269], [34.497115, 31.5434842], [34.4972746, 31.5433253], [34.4972273, 31.5432852], [34.4979603, 31.5426232], [34.4984055, 31.5419726], [34.4995167, 31.54097], [34.4992401, 31.5387719], [34.499508, 31.5385287], [34.4998915, 31.5384327], [34.4997288, 31.5381333], [34.5003967, 31.5376142], [34.5004008, 31.5375385], [34.5004758, 31.5374151], [34.5011921, 31.5366745], [34.502367, 31.5374594], [34.5022479, 31.5375906], [34.5026153, 31.5378467], [34.5034049, 31.5370234], [34.50447, 31.5358234], [34.5053683, 31.5364711], [34.5076874, 31.5378805], [34.5079059, 31.5377832], [34.508375, 31.537214], [34.5101319, 31.5348651], [34.5103738, 31.5344812], [34.511252, 31.5326057], [34.5122052, 31.5312514], [34.5126888, 31.530691], [34.5137223, 31.5296315], [34.5145665, 31.5289647], [34.5172466, 31.5304159], [34.5187667, 31.5313294], [34.5193854, 31.5318814], [34.5200265, 31.5325735], [34.5206583, 31.5335716], [34.5220261, 31.536932], [34.5224628, 31.5383191], [34.52333, 31.5398455], [34.5151964, 31.5443707], [34.5170539, 31.5467619], [34.5178006, 31.5474897], [34.5183668, 31.5479604], [34.5186237, 31.5481343], [34.519882, 31.5487275], [34.51474, 31.5497172], [34.5143711, 31.5497152], [34.5136374, 31.5500327], [34.5131017, 31.5502108], [34.5128217, 31.5503776], [34.5126234, 31.5505743], [34.5123506, 31.550744], [34.5121008, 31.5510139], [34.5113206, 31.5514909], [34.5110821, 31.5517648], [34.512002, 31.5533855], [34.512085, 31.5534611], [34.5133189, 31.5551277], [34.5134228, 31.5553678], [34.5140939, 31.5564361], [34.5142502, 31.5571483], [34.5143135, 31.5579588], [34.5141383, 31.5584168], [34.5140192, 31.5592449], [34.5140085, 31.5600481], [34.5142201, 31.5612487], [34.5142638, 31.5618371], [34.5141927, 31.5619569], [34.5141956, 31.5622028], [34.5142595, 31.5622412], [34.5145167, 31.5632649], [34.5150427, 31.5640107], [34.5152581, 31.5644457], [34.5153904, 31.5648033], [34.5155171, 31.5653221], [34.5155123, 31.5655231], [34.5149057, 31.565788], [34.5154228, 31.5667371], [34.5182402, 31.5656848], [34.5194572, 31.5642534], [34.5208473, 31.5656555], [34.5195403, 31.5672084], [34.5194338, 31.5674403], [34.5195368, 31.5676184], [34.520092, 31.5681134], [34.5201664, 31.5682881], [34.5203717, 31.5686033], [34.5205852, 31.5688705], [34.5210854, 31.5692599], [34.5216128, 31.5695944], [34.5217567, 31.5697349], [34.521806, 31.5697328], [34.5224097, 31.5701651], [34.5227611, 31.570503], [34.5229037, 31.5707729], [34.5232133, 31.5717245], [34.5239738, 31.5723085], [34.5217479, 31.5740246], [34.5184863, 31.5759761], [34.5160026, 31.5777584], [34.5132051, 31.5799292], [34.5105711, 31.5817755], [34.5049492, 31.5855833], [34.5020714, 31.5874368], [34.4938127, 31.5931824]]]}}, {"type": "Feature", "properties": {"name": "دير البلح", "name_en": "Deir el-Balah", "name_he": "דיר אל-בלאח", "admin_level": "8", "osm_id": 10523087}, "geometry": {"type": "Polygon", "coordinates": [[[34.3082491, 31.4043278], [34.3113025, 31.4016996], [34.3126297, 31.4007], [34.3132567, 31.4002676], [34.3135155, 31.4001556], [34.3149842, 31.4000484], [34.3151764, 31.4000253], [34.3153191, 31.399968], [34.3154256, 31.3998516], [34.3159926, 31.3990022], [34.3167676, 31.3977957], [34.3171308, 31.3973406], [34.3182576, 31.3960726], [34.3190259, 31.3949671], [34.319203, 31.3946678], [34.3195717, 31.3939399], [34.3199567, 31.3930844], [34.3198273, 31.3928864], [34.3191061, 31.3926289], [34.3171845, 31.391196], [34.3170546, 31.3910423], [34.3167291, 31.390492], [34.316456, 31.3898249], [34.3160909, 31.3897975], [34.3161271, 31.3894563], [34.3305563, 31.3910832], [34.3317622, 31.391021], [34.3334048, 31.390547], [34.3340032, 31.3902059], [34.3375254, 31.387235], [34.3395577, 31.3856929], [34.340638, 31.3848088], [34.3407247, 31.384808], [34.342115, 31.386157], [34.3431289, 31.3874811], [34.3437361, 31.3886187], [34.3445095, 31.389813], [34.3484675, 31.3956697], [34.3499197, 31.3976698], [34.3510108, 31.399287], [34.3516776, 31.4005585], [34.3524501, 31.4003564], [34.3535779, 31.3999375], [34.3540851, 31.3996723], [34.3542762, 31.3996134], [34.3553479, 31.3994518], [34.3561865, 31.3995057], [34.3562719, 31.399532], [34.3567706, 31.3998501], [34.3572293, 31.3998735], [34.3580951, 31.3998407], [34.3586479, 31.3993199], [34.3589095, 31.3993509], [34.3598058, 31.3998617], [34.359935, 31.3999627], [34.360292, 31.4003827], [34.3603925, 31.4004157], [34.3619151, 31.3997987], [34.3623609, 31.3995129], [34.3627543, 31.399429], [34.3633437, 31.3994937], [34.3634671, 31.399621], [34.3635997, 31.399889], [34.3639, 31.400266], [34.363988, 31.4004474], [34.3642418, 31.400649], [34.3643874, 31.4008855], [34.3646985, 31.401227], [34.3650347, 31.4012956], [34.3654448, 31.4012823], [34.3661129, 31.4011899], [34.3666402, 31.4010165], [34.3669131, 31.400773], [34.3670288, 31.4005834], [34.3672993, 31.400394], [34.3675129, 31.4003223], [34.36845, 31.4001965], [34.3686323, 31.4001339], [34.3687667, 31.3998642], [34.3687573, 31.3995], [34.3687964, 31.3993229], [34.3688707, 31.3991935], [34.3691281, 31.399018], [34.3697339, 31.3988372], [34.3700188, 31.3987868], [34.3704402, 31.3988483], [34.371222, 31.3987687], [34.3714002, 31.3987312], [34.3720227, 31.3984584], [34.3727601, 31.3974785], [34.3732119, 31.3966304], [34.3733485, 31.3965395], [34.3738277, 31.3964329], [34.3744114, 31.3962515], [34.3755537, 31.3952926], [34.3759725, 31.395041], [34.3762633, 31.3946973], [34.3762546, 31.3939677], [34.3763368, 31.3935343], [34.3767162, 31.3928829], [34.377125, 31.3924007], [34.3778282, 31.391705], [34.3778714, 31.3915427], [34.3778862, 31.3912912], [34.3779613, 31.3911087], [34.3783688, 31.3904906], [34.3785496, 31.3902864], [34.3786005, 31.3901263], [34.3788265, 31.3900414], [34.3802718, 31.389066], [34.3802664, 31.3895735], [34.3823014, 31.3914153], [34.3846326, 31.3931675], [34.3866818, 31.3951167], [34.388463, 31.3961171], [34.3892934, 31.3974089], [34.3916104, 31.3992494], [34.3950243, 31.4018527], [34.3931053, 31.4026157], [34.3874116, 31.402812], [34.3853982, 31.4030316], [34.3850231, 31.4031048], [34.3845204, 31.4022509], [34.3841605, 31.4017313], [34.3828916, 31.4029567], [34.3814084, 31.4041308], [34.3805229, 31.4047719], [34.3789272, 31.4058233], [34.3778991, 31.406433], [34.3759926, 31.4074157], [34.3744844, 31.4081318], [34.3709106, 31.4099796], [34.3661103, 31.4121044], [34.3644469, 31.4130977], [34.3640174, 31.4133776], [34.3667718, 31.4157107], [34.3649052, 31.4170698], [34.3631891, 31.4181921], [34.361221, 31.4195747], [34.3609666, 31.4196841], [34.3614009, 31.4201569], [34.3634064, 31.4219779], [34.360887, 31.4237207], [34.3602936, 31.423362], [34.3582077, 31.4249273], [34.3598342, 31.4264773], [34.3577909, 31.4281462], [34.3563908, 31.4266526], [34.3556639, 31.4257742], [34.3552717, 31.4251983], [34.3528765, 31.4270568], [34.3509205, 31.4284513], [34.3515055, 31.4289137], [34.3495508, 31.4305622], [34.3493607, 31.4309055], [34.3489956, 31.4312679], [34.3482596, 31.4317081], [34.3467804, 31.4319994], [34.3454646, 31.4327909], [34.3425492, 31.4351054], [34.3338199, 31.4262603], [34.3082491, 31.4043278]]]}}, {"type": "Feature", "properties": {"name": "غزة", "name_en": "Gaza", "name_he": "עזה", "admin_level": "8", "osm_id": 10521584}, "geometry": {"type": "Polygon", "coordinates": [[[34.4694994, 31.5258527], [34.4688507, 31.5253202], [34.4692645, 31.5250475], [34.4702963, 31.5245561], [34.4706806, 31.5249641], [34.4714988, 31.5244037], [34.4721803, 31.5238114], [34.4725944, 31.5235882], [34.4729436, 31.5233451], [34.4740931, 31.5224323], [34.4742861, 31.522521], [34.475655, 31.5213637], [34.4759109, 31.5215594], [34.4760708, 31.5213856], [34.4760277, 31.5213567], [34.4760941, 31.5211843], [34.4766211, 31.5206171], [34.4768643, 31.5207374], [34.4772549, 31.5204874], [34.4775533, 31.5207429], [34.4781782, 31.5204425], [34.4804209, 31.519659], [34.4795112, 31.5186208], [34.4798727, 31.5183903], [34.4806, 31.518029], [34.480182, 31.517205], [34.4798643, 31.51686], [34.4807204, 31.5160935], [34.4814635, 31.5164318], [34.4814873, 31.5164676], [34.481784, 31.5165681], [34.4827081, 31.5169713], [34.4831725, 31.5171304], [34.4845728, 31.5174935], [34.4856317, 31.5165673], [34.48698, 31.517306], [34.4882937, 31.5179577], [34.488932, 31.5183226], [34.4899816, 31.5172246], [34.490813, 31.5166057], [34.4924896, 31.515681], [34.4932494, 31.5150669], [34.4932623, 31.5149524], [34.4936912, 31.5145718], [34.4942451, 31.5140131], [34.4955944, 31.5127861], [34.4988379, 31.509703], [34.4995031, 31.5091381], [34.5031541, 31.5136985], [34.5035463, 31.5134752], [34.5041807, 31.5129751], [34.5047177, 31.5124794], [34.507112, 31.5106824], [34.5080267, 31.5101297], [34.50886, 31.5095205], [34.5102358, 31.5083991], [34.5111363, 31.5077521], [34.5114287, 31.5074107], [34.5114967, 31.5072138], [34.5119074, 31.5069367], [34.512919, 31.5063665], [34.5138196, 31.5059466], [34.5154288, 31.5050701], [34.5161223, 31.5048542], [34.5163352, 31.5048276], [34.5157623, 31.5041794], [34.5174162, 31.5023714], [34.5181367, 31.5017164], [34.5167124, 31.5015548], [34.5127105, 31.500695], [34.5085156, 31.4983257], [34.5045695, 31.495184], [34.496389, 31.489167], [34.4924223, 31.4860848], [34.4890449, 31.4827202], [34.4865427, 31.4808794], [34.4851839, 31.4800509], [34.4808307, 31.478085], [34.4803738, 31.4778433], [34.4786377, 31.4767571], [34.4779067, 31.4762123], [34.4759519, 31.4738547], [34.47443, 31.4718384], [34.4719232, 31.4693457], [34.4693858, 31.4668887], [34.467309, 31.4647494], [34.4669635, 31.4649903], [34.4662849, 31.465593], [34.4658137, 31.4659433], [34.4654511, 31.4661724], [34.4647464, 31.4665479], [34.4644556, 31.4667568], [34.4593834, 31.4712328], [34.4535799, 31.4715636], [34.453062, 31.4715501], [34.452293, 31.4714302], [34.4480809, 31.4702964], [34.4384638, 31.4674132], [34.4343107, 31.4662258], [34.4294214, 31.4647168], [34.4287973, 31.4645701], [34.428285, 31.4644954], [34.4280214, 31.4644982], [34.4277655, 31.4645525], [34.427541, 31.4646604], [34.4260206, 31.4659142], [34.4243053, 31.4674952], [34.4216403, 31.4698539], [34.419995, 31.4713871], [34.4161383, 31.4751092], [34.4155335, 31.4757922], [34.4153733, 31.4760616], [34.4153044, 31.4763023], [34.4152978, 31.4767022], [34.4153666, 31.4771804], [34.4153134, 31.4772966], [34.4148037, 31.4773531], [34.4141185, 31.477531], [34.4138048, 31.4777012], [34.4127687, 31.4781399], [34.4112997, 31.4789725], [34.4120029, 31.4799999], [34.4119765, 31.480104], [34.4108101, 31.4810805], [34.41034, 31.4815188], [34.4102085, 31.4815797], [34.4100591, 31.4815837], [34.4084286, 31.4806271], [34.4076186, 31.4811021], [34.4068899, 31.4815902], [34.4057309, 31.4825525], [34.4053948, 31.4828928], [34.4038098, 31.4843219], [34.4031773, 31.4848417], [34.4012871, 31.4865914], [34.4003519, 31.487292], [34.3961515, 31.4901756], [34.4225126, 31.5185519], [34.4249211, 31.5218265], [34.4252511, 31.5227778], [34.4252275, 31.524756], [34.4254442, 31.5259165], [34.4259978, 31.5269271], [34.4267231, 31.5278169], [34.4287766, 31.5299395], [34.4299192, 31.5307131], [34.4313279, 31.5311639], [34.4339522, 31.5316285], [34.4352793, 31.5320053], [34.4361461, 31.5325229], [34.45112, 31.5487199], [34.4541035, 31.5466569], [34.4550864, 31.5461008], [34.4564381, 31.5452352], [34.4570682, 31.544895], [34.4581751, 31.5442165], [34.4589568, 31.5437924], [34.4592767, 31.5435831], [34.4600183, 31.5432336], [34.4618981, 31.5420938], [34.4645191, 31.5399603], [34.4650385, 31.5394559], [34.4652245, 31.5392189], [34.4655585, 31.5389515], [34.4666978, 31.5380529], [34.4671634, 31.5377455], [34.4725916, 31.5336158], [34.4730248, 31.5333571], [34.473799, 31.5327311], [34.474905, 31.5317319], [34.4752859, 31.5315419], [34.475727, 31.5314633], [34.4765205, 31.5312634], [34.4772559, 31.5310392], [34.4769752, 31.5306873], [34.4771078, 31.5306105], [34.4764924, 31.5300147], [34.4771009, 31.5295303], [34.4767488, 31.5294241], [34.4763481, 31.5291308], [34.4767924, 31.5289207], [34.4770307, 31.5286838], [34.4757541, 31.5276906], [34.4754385, 31.5274038], [34.4751425, 31.5274682], [34.4750552, 31.527449], [34.4746453, 31.5276797], [34.4742784, 31.5273775], [34.4739848, 31.5276012], [34.4730219, 31.5272499], [34.4713665, 31.5268327], [34.4711153, 31.5267396], [34.4707219, 31.5265481], [34.4704841, 31.5264812], [34.4694994, 31.5258527]]]}}, {"type": "Feature", "properties": {"name": "جباليا", "name_en": "Jabalia", "name_he": "ג'באליה", "admin_level": "8", "osm_id": 10521507}, "geometry": {"type": "Polygon", "coordinates": [[[34.4995031, 31.5091381], [34.5031541, 31.5136985], [34.5035463, 31.5134752], [34.5041807, 31.5129751], [34.5047177, 31.5124794], [34.507112, 31.5106824], [34.5080267, 31.5101297], [34.50886, 31.5095205], [34.5102358, 31.5083991], [34.5111363, 31.5077521], [34.5114287, 31.5074107], [34.5114967, 31.5072138], [34.5119074, 31.5069367], [34.512919, 31.5063665], [34.5138196, 31.5059466], [34.5154288, 31.5050701], [34.5161223, 31.5048542], [34.5163352, 31.5048276], [34.5157623, 31.5041794], [34.5174162, 31.5023714], [34.5181367, 31.5017164], [34.5247268, 31.5029453], [34.5281787, 31.5050522], [34.529587, 31.5062201], [34.531372, 31.5070776], [34.5380928, 31.5099178], [34.5334303, 31.5143542], [34.5307345, 31.5163678], [34.5302439, 31.5168283], [34.5298415, 31.5174318], [34.5295572, 31.5176807], [34.5293657, 31.5179892], [34.5293105, 31.5181887], [34.5289698, 31.5189752], [34.5285557, 31.5194486], [34.5281303, 31.5201391], [34.5271942, 31.5210445], [34.5265478, 31.5214698], [34.522841, 31.5235013], [34.521181, 31.5244657], [34.5196746, 31.5254411], [34.5192055, 31.5258554], [34.5173328, 31.5270525], [34.5164793, 31.5276716], [34.5146465, 31.5289092], [34.5137223, 31.5296315], [34.5126888, 31.530691], [34.5122052, 31.5312514], [34.511252, 31.5326057], [34.5103738, 31.5344812], [34.5101319, 31.5348651], [34.508375, 31.537214], [34.5079059, 31.5377832], [34.5076874, 31.5378805], [34.5053683, 31.5364711], [34.50447, 31.5358234], [34.5034049, 31.5370234], [34.5026153, 31.5378467], [34.5022479, 31.5375906], [34.502367, 31.5374594], [34.5011921, 31.5366745], [34.5004758, 31.5374151], [34.5004008, 31.5375385], [34.5003967, 31.5376142], [34.4997288, 31.5381333], [34.4998915, 31.5384327], [34.499508, 31.5385287], [34.4992401, 31.5387719], [34.4995167, 31.54097], [34.4984055, 31.5419726], [34.4979603, 31.5426232], [34.4972273, 31.5432852], [34.4972746, 31.5433253], [34.497115, 31.5434842], [34.4970784, 31.5436269], [34.4969732, 31.5437256], [34.4967002, 31.5435352], [34.4951935, 31.5445593], [34.4945584, 31.5436998], [34.4941601, 31.5441497], [34.4941067, 31.5441757], [34.4935125, 31.544103], [34.4927916, 31.5439688], [34.4931704, 31.544335], [34.4933048, 31.5445062], [34.4935225, 31.5450538], [34.4937773, 31.5454619], [34.492964, 31.5461766], [34.4927106, 31.5463078], [34.4921863, 31.5463538], [34.4918314, 31.546303], [34.4915524, 31.5461873], [34.4910964, 31.5459143], [34.4906262, 31.545844], [34.490309, 31.5456702], [34.4901226, 31.5456121], [34.4899971, 31.5456383], [34.4897439, 31.5458469], [34.4896784, 31.5458589], [34.4896382, 31.5458365], [34.4894562, 31.5455323], [34.4890806, 31.5457026], [34.4884888, 31.5463213], [34.4883236, 31.5461708], [34.488129, 31.5460576], [34.4875437, 31.545911], [34.4870187, 31.5458457], [34.4838832, 31.5456269], [34.4836636, 31.5456437], [34.4821709, 31.5465457], [34.4816492, 31.5470709], [34.4812895, 31.5475096], [34.4807638, 31.5479487], [34.4806542, 31.5479475], [34.4803907, 31.5482509], [34.4794859, 31.5475627], [34.4795655, 31.5474575], [34.4783226, 31.5469169], [34.4766973, 31.5457163], [34.4752712, 31.5473983], [34.4750371, 31.5476348], [34.4747195, 31.5480776], [34.473491, 31.5491835], [34.4691914, 31.5529156], [34.4659948, 31.5556067], [34.4657545, 31.5560313], [34.4627326, 31.5587168], [34.4606541, 31.560461], [34.4548688, 31.5527742], [34.45112, 31.5487199], [34.4541035, 31.5466569], [34.4550864, 31.5461008], [34.4564381, 31.5452352], [34.4570682, 31.544895], [34.4581751, 31.5442165], [34.4589568, 31.5437924], [34.4592767, 31.5435831], [34.4600183, 31.5432336], [34.4618981, 31.5420938], [34.4645191, 31.5399603], [34.4650385, 31.5394559], [34.4652245, 31.5392189], [34.4655585, 31.5389515], [34.4666978, 31.5380529], [34.4671634, 31.5377455], [34.4725916, 31.5336158], [34.4730248, 31.5333571], [34.473799, 31.5327311], [34.474905, 31.5317319], [34.4752859, 31.5315419], [34.475727, 31.5314633], [34.4765205, 31.5312634], [34.4772559, 31.5310392], [34.4769752, 31.5306873], [34.4771078, 31.5306105], [34.4764924, 31.5300147], [34.4771009, 31.5295303], [34.4767488, 31.5294241], [34.4763481, 31.5291308], [34.4767924, 31.5289207], [34.4770307, 31.5286838], [34.4757541, 31.5276906], [34.4754385, 31.5274038], [34.4751425, 31.5274682], [34.4750552, 31.527449], [34.4746453, 31.5276797], [34.4742784, 31.5273775], [34.4739848, 31.5276012], [34.4730219, 31.5272499], [34.4713665, 31.5268327], [34.4707219, 31.5265481], [34.4704841, 31.5264812], [34.4694994, 31.5258527], [34.4688507, 31.5253202], [34.4692645, 31.5250475], [34.4702963, 31.5245561], [34.4706806, 31.5249641], [34.4714988, 31.5244037], [34.4721803, 31.5238114], [34.4725944, 31.5235882], [34.4729436, 31.5233451], [34.4740931, 31.5224323], [34.4742861, 31.522521], [34.475655, 31.5213637], [34.4759109, 31.5215594], [34.4760708, 31.5213856], [34.4760277, 31.5213567], [34.4760941, 31.5211843], [34.4766211, 31.5206171], [34.4768643, 31.5207374], [34.4772549, 31.5204874], [34.4775533, 31.5207429], [34.4781782, 31.5204425], [34.4804209, 31.519659], [34.4795112, 31.5186208], [34.4798727, 31.5183903], [34.4806, 31.518029], [34.480182, 31.517205], [34.4798643, 31.51686], [34.4807204, 31.5160935], [34.4814635, 31.5164318], [34.4814873, 31.5164676], [34.481784, 31.5165681], [34.4827081, 31.5169713], [34.4831725, 31.5171304], [34.4845728, 31.5174935], [34.4856317, 31.5165673], [34.48698, 31.517306], [34.4882937, 31.5179577], [34.488932, 31.5183226], [34.4899816, 31.5172246], [34.490813, 31.5166057], [34.4924896, 31.515681], [34.4932494, 31.5150669], [34.4932623, 31.5149524], [34.4936912, 31.5145718], [34.4942451, 31.5140131], [34.4955944, 31.5127861], [34.4988379, 31.509703], [34.4995031, 31.5091381]]]}}, {"type": "Feature", "properties": {"name": "خان يونس", "name_en": "Khan Yunis", "name_he": "ח'אן יונס", "admin_level": "8", "osm_id": 10522839}, "geometry": {"type": "Polygon", "coordinates": [[[34.3151709, 31.2948616], [34.3134404, 31.2945393], [34.3086861, 31.2934681], [34.3071951, 31.2932127], [34.3063365, 31.2931162], [34.3053814, 31.2930468], [34.3046121, 31.2930342], [34.2986885, 31.2932132], [34.2968742, 31.2933163], [34.2963525, 31.2933858], [34.2958558, 31.2935011], [34.2952593, 31.2936879], [34.2947494, 31.2938884], [34.2934783, 31.2944538], [34.2906719, 31.2957745], [34.289646, 31.2962743], [34.289006, 31.2966727], [34.2883681, 31.2971322], [34.2872169, 31.2980847], [34.2862057, 31.2991376], [34.2842681, 31.3010323], [34.2832883, 31.302345], [34.2822449, 31.3038846], [34.2810001, 31.3058119], [34.2799793, 31.3072545], [34.279545, 31.3077424], [34.2809112, 31.3090839], [34.2812686, 31.3095854], [34.2814596, 31.3097853], [34.2741985, 31.3135429], [34.2734024, 31.3138943], [34.2728162, 31.3140816], [34.2722057, 31.3142118], [34.2718817, 31.314144], [34.2696148, 31.3139932], [34.2690064, 31.313748], [34.268149, 31.3132801], [34.2672559, 31.3141364], [34.2709266, 31.3177119], [34.2694722, 31.3200337], [34.2660572, 31.3259699], [34.2633753, 31.3304725], [34.2602199, 31.3343549], [34.257636, 31.3368328], [34.2537783, 31.3331389], [34.2526419, 31.3347407], [34.2517763, 31.3358081], [34.2525983, 31.3367395], [34.2508695, 31.3376051], [34.250266, 31.3378137], [34.2494665, 31.3380097], [34.2487855, 31.3380896], [34.2483775, 31.3383127], [34.2481013, 31.338166], [34.2476888, 31.3380774], [34.2474592, 31.3383193], [34.2468516, 31.3388302], [34.2460226, 31.339204], [34.2454069, 31.3396729], [34.2453816, 31.3397301], [34.2454105, 31.3398162], [34.245706, 31.3401493], [34.2441577, 31.3417845], [34.2398411, 31.34577], [34.2732001, 31.3737405], [34.2843993, 31.3847811], [34.2984271, 31.3972124], [34.2989244, 31.3978093], [34.2997666, 31.3995291], [34.3001335, 31.4001729], [34.3008492, 31.4008927], [34.3018566, 31.4015831], [34.3027353, 31.4019614], [34.3035861, 31.4021949], [34.304438, 31.4023341], [34.3055141, 31.4025776], [34.3063681, 31.402911], [34.3071824, 31.4034494], [34.3082491, 31.4043278], [34.3113025, 31.4016996], [34.3126297, 31.4007], [34.3132567, 31.4002676], [34.3135155, 31.4001556], [34.3149842, 31.4000484], [34.3151764, 31.4000253], [34.3153191, 31.399968], [34.3154256, 31.3998516], [34.3159926, 31.3990022], [34.3167676, 31.3977957], [34.3171308, 31.3973406], [34.3182576, 31.3960726], [34.3190259, 31.3949671], [34.3195717, 31.3939399], [34.3199567, 31.3930844], [34.3198273, 31.3928864], [34.3191061, 31.3926289], [34.3172787, 31.3912829], [34.3170546, 31.3910423], [34.3167291, 31.390492], [34.316456, 31.3898249], [34.3160909, 31.3897975], [34.316335, 31.3877346], [34.3162733, 31.386625], [34.316144, 31.3860329], [34.3159445, 31.3854257], [34.3212794, 31.380449], [34.3238345, 31.3781385], [34.3252021, 31.3771699], [34.3244278, 31.3763977], [34.3271837, 31.3740037], [34.3275584, 31.3738782], [34.3283736, 31.3730531], [34.3288676, 31.372538], [34.3291342, 31.3721888], [34.3304107, 31.3703171], [34.3314189, 31.371712], [34.3315179, 31.3717322], [34.3314286, 31.3700666], [34.3312953, 31.3686945], [34.3312366, 31.3677006], [34.331137, 31.3673397], [34.3297376, 31.3639227], [34.3292352, 31.3625886], [34.3280548, 31.3592096], [34.328127, 31.3591107], [34.3311172, 31.3566814], [34.3332099, 31.3547796], [34.331791, 31.3542624], [34.3314028, 31.3541511], [34.3309871, 31.3540751], [34.3303176, 31.3540428], [34.3296025, 31.3540652], [34.3287652, 31.3540379], [34.3259505, 31.3534603], [34.3257855, 31.3533604], [34.3251887, 31.3523613], [34.324796, 31.3509798], [34.3229595, 31.3526073], [34.322817, 31.3527754], [34.3227257, 31.3526792], [34.3200071, 31.3507073], [34.3186333, 31.3497626], [34.3169998, 31.3484881], [34.3163201, 31.3479125], [34.3155941, 31.347182], [34.3151971, 31.3467243], [34.3149222, 31.3461695], [34.3145244, 31.3447126], [34.3142831, 31.3442166], [34.3152699, 31.3435479], [34.3177665, 31.3421841], [34.317757, 31.3416805], [34.3177898, 31.3413459], [34.3182292, 31.3402439], [34.3183695, 31.3397918], [34.3185414, 31.3394887], [34.3183575, 31.339333], [34.3179346, 31.3386211], [34.3185737, 31.3382432], [34.3175499, 31.3371223], [34.3181536, 31.3366803], [34.3188556, 31.3362859], [34.3196407, 31.3357845], [34.3194162, 31.3355838], [34.320993, 31.3345737], [34.322415, 31.3337136], [34.3223533, 31.333092], [34.3222356, 31.3307986], [34.3219883, 31.3295168], [34.3215519, 31.327638], [34.3213167, 31.3263101], [34.321233, 31.3253821], [34.3211042, 31.3244737], [34.321635, 31.3238147], [34.327357, 31.3182289], [34.3291691, 31.3168382], [34.3303656, 31.3158527], [34.3327877, 31.3136194], [34.3342886, 31.3123719], [34.3323564, 31.3100249], [34.3295609, 31.307218], [34.3295229, 31.3071287], [34.3298163, 31.306702], [34.3275826, 31.3052312], [34.3259523, 31.3040306], [34.324898, 31.3034697], [34.3227702, 31.3022144], [34.3201936, 31.3053499], [34.3181122, 31.3041333], [34.3170774, 31.3036827], [34.3162583, 31.3033845], [34.3162582, 31.3028783], [34.3162001, 31.3023225], [34.3155341, 31.2989338], [34.3154173, 31.2967565], [34.315275, 31.2953946], [34.3151709, 31.2948616]]]}}, {"type": "Feature", "properties": {"name": "النصيرات", "name_en": "Nuseirat", "name_he": "נוסיראת", "admin_level": "8", "osm_id": 10523180}, "geometry": {"type": "Polygon", "coordinates": [[[34.3858445, 31.4344634], [34.3915695, 31.4384827], [34.3943429, 31.4403775], [34.3952066, 31.4410961], [34.396655, 31.4424737], [34.3984413, 31.4438833], [34.4005871, 31.4454394], [34.402926, 31.4468581], [34.4050395, 31.4480114], [34.4060427, 31.4487436], [34.409095, 31.451192], [34.4112247, 31.4528348], [34.4119865, 31.4533245], [34.4128072, 31.4537547], [34.4132042, 31.4540475], [34.4146919, 31.4556028], [34.4143563, 31.4559896], [34.4134604, 31.45691], [34.4129312, 31.4572791], [34.4121819, 31.4575414], [34.4119284, 31.4575723], [34.4113632, 31.4575532], [34.4107283, 31.4576195], [34.4097383, 31.4578483], [34.4084923, 31.458252], [34.4080327, 31.4582724], [34.406884, 31.4585505], [34.4063166, 31.4586185], [34.4058703, 31.4587461], [34.4053351, 31.4588316], [34.4047385, 31.4588536], [34.4041139, 31.4589239], [34.4031215, 31.4591416], [34.4027349, 31.4592596], [34.4024024, 31.4593882], [34.4022624, 31.459512], [34.4018633, 31.4597067], [34.4015846, 31.459936], [34.4015, 31.460068], [34.4012277, 31.4602233], [34.4007625, 31.4606676], [34.4004247, 31.4610178], [34.4002662, 31.4613094], [34.3999778, 31.4623269], [34.3999447, 31.4627464], [34.3999973, 31.4630252], [34.399732, 31.4636487], [34.3995781, 31.4645499], [34.3994885, 31.4648684], [34.3991999, 31.4653994], [34.3990201, 31.4656583], [34.3988236, 31.4658328], [34.3985692, 31.4659883], [34.398289, 31.4661147], [34.39771, 31.4663078], [34.3974691, 31.4663451], [34.3971603, 31.4663364], [34.3964726, 31.4662717], [34.3952271, 31.4659091], [34.394095, 31.4658431], [34.393473, 31.4658547], [34.3928128, 31.4660144], [34.3916872, 31.4661268], [34.3901561, 31.4660654], [34.3896827, 31.4661004], [34.3888959, 31.4661013], [34.3877268, 31.4661848], [34.3862494, 31.4661789], [34.3850375, 31.4658668], [34.3843453, 31.4657676], [34.3838854, 31.4655579], [34.3838203, 31.4655825], [34.383767, 31.4656512], [34.3835535, 31.4656263], [34.3823979, 31.4651042], [34.3817387, 31.4646025], [34.3812692, 31.4643914], [34.3811812, 31.4643083], [34.3800351, 31.4639041], [34.3793228, 31.4637513], [34.3790499, 31.4638447], [34.3786869, 31.4638392], [34.3776319, 31.463949], [34.3768608, 31.4639373], [34.3764751, 31.4638552], [34.3764045, 31.4638947], [34.3761813, 31.463776], [34.3758748, 31.4638303], [34.3757934, 31.4637946], [34.3756835, 31.4638196], [34.3753813, 31.4637909], [34.3727625, 31.4657132], [34.3582679, 31.4510306], [34.3606827, 31.449194], [34.3616634, 31.448567], [34.3637815, 31.447054], [34.364113, 31.4469162], [34.365043, 31.4466128], [34.3671399, 31.445973], [34.3697937, 31.4448062], [34.3702615, 31.4444824], [34.3707262, 31.4436621], [34.3710361, 31.4433343], [34.3717973, 31.4427385], [34.3726881, 31.4421098], [34.3750709, 31.4406787], [34.3772746, 31.4392981], [34.3779573, 31.4394459], [34.3789993, 31.4395306], [34.3805378, 31.4401109], [34.3813544, 31.4393153], [34.3816965, 31.4390958], [34.3819374, 31.4381397], [34.3820224, 31.4375048], [34.3822241, 31.4371925], [34.382395, 31.4369993], [34.3832847, 31.436264], [34.3858445, 31.4344634]]]}}, {"type": "Feature", "properties": {"name": "رفح", "name_en": "Rafah", "name_he": "רפיח", "admin_level": "8", "osm_id": 10522702}, "geometry": {"type": "Polygon", "coordinates": [[[34.2988505, 31.2741544], [34.2960414, 31.2731024], [34.2891245, 31.2702266], [34.2840187, 31.2681801], [34.2815923, 31.2672732], [34.2793953, 31.2662788], [34.2784751, 31.2658089], [34.2760117, 31.2642814], [34.2735232, 31.2626577], [34.272887, 31.2621679], [34.2708737, 31.2605029], [34.2683329, 31.2579954], [34.2676229, 31.2573753], [34.2663353, 31.2560478], [34.2655288, 31.2553383], [34.2643359, 31.2543908], [34.2631072, 31.2532586], [34.2626631, 31.2527638], [34.2619377, 31.2521121], [34.261628, 31.2524449], [34.2605944, 31.2533348], [34.258153, 31.2517883], [34.2568825, 31.2510382], [34.2563212, 31.2507846], [34.2548678, 31.2545024], [34.2538179, 31.257391], [34.2519115, 31.2628476], [34.2511391, 31.2652247], [34.2500833, 31.2679832], [34.2477529, 31.2743386], [34.2477126, 31.2746407], [34.2472862, 31.2757496], [34.2472342, 31.2760096], [34.24655, 31.2777464], [34.2456974, 31.2802122], [34.2450146, 31.2820126], [34.244903, 31.2825654], [34.2445147, 31.2834746], [34.2440603, 31.2846636], [34.2421257, 31.2901007], [34.2414589, 31.291728], [34.2399828, 31.2959112], [34.2396004, 31.2959766], [34.2392275, 31.2961679], [34.2358372, 31.2964026], [34.2356638, 31.296444], [34.2355196, 31.2966153], [34.231889, 31.3024238], [34.229254, 31.3067652], [34.2238295, 31.3153669], [34.2219154, 31.3185785], [34.2209885, 31.3200157], [34.2191689, 31.3229485], [34.2158979, 31.3263607], [34.2368116, 31.3432295], [34.2398411, 31.34577], [34.2441577, 31.3417845], [34.245706, 31.3401493], [34.2454105, 31.3398162], [34.2453816, 31.3397301], [34.2454069, 31.3396729], [34.2460226, 31.339204], [34.2468516, 31.3388302], [34.2474592, 31.3383193], [34.2476888, 31.3380774], [34.2481013, 31.338166], [34.2483775, 31.3383127], [34.2487855, 31.3380896], [34.2494665, 31.3380097], [34.250266, 31.3378137], [34.2508695, 31.3376051], [34.2525983, 31.3367395], [34.2517763, 31.3358081], [34.2526419, 31.3347407], [34.2537783, 31.3331389], [34.257636, 31.3368328], [34.2602199, 31.3343549], [34.2633753, 31.3304725], [34.2660572, 31.3259699], [34.2694722, 31.3200337], [34.2709266, 31.3177119], [34.2672559, 31.3141364], [34.268149, 31.3132801], [34.2690064, 31.313748], [34.2696148, 31.3139932], [34.2718817, 31.314144], [34.2722057, 31.3142118], [34.2728162, 31.3140816], [34.2734024, 31.3138943], [34.2741985, 31.3135429], [34.2814596, 31.3097853], [34.2812686, 31.3095854], [34.2809112, 31.3090839], [34.279545, 31.3077424], [34.2799793, 31.3072545], [34.2810001, 31.3058119], [34.2822449, 31.3038846], [34.2832883, 31.302345], [34.2842681, 31.3010323], [34.2858072, 31.2995201], [34.2855475, 31.2987587], [34.2855068, 31.2984232], [34.2855304, 31.2978732], [34.285669, 31.2972697], [34.2857032, 31.2966845], [34.2854614, 31.294931], [34.2853603, 31.2944435], [34.2840943, 31.2911756], [34.2836432, 31.290297], [34.2833186, 31.2897779], [34.2828311, 31.2891686], [34.2816412, 31.2879909], [34.2823246, 31.2867789], [34.2828165, 31.2860678], [34.282986, 31.285713], [34.283446, 31.2842052], [34.283729, 31.2837009], [34.2842834, 31.282856], [34.2844105, 31.282673], [34.2850449, 31.2819634], [34.2857798, 31.2813465], [34.2869949, 31.2821341], [34.2881719, 31.2829803], [34.2884819, 31.2832564], [34.2887399, 31.283833], [34.2893392, 31.2833134], [34.2899088, 31.2827216], [34.2903399, 31.2821497], [34.2905778, 31.281924], [34.2910296, 31.2815881], [34.292455, 31.2807097], [34.2925712, 31.2808651], [34.2941963, 31.2800039], [34.294711, 31.2796646], [34.2951179, 31.2793222], [34.2965518, 31.2778214], [34.2969008, 31.2774103], [34.2973474, 31.2766105], [34.2988505, 31.2741544]]]}}, {"type": "Feature", "properties": {"name": "الزوايدة", "name_en": "a-Zawayda", "name_he": "א-זאוואידה", "admin_level": "8", "osm_id": 10523152}, "geometry": {"type": "Polygon", "coordinates": [[[34.3582679, 31.4510306], [34.3425492, 31.4351054], [34.3454646, 31.4327909], [34.3467804, 31.4319994], [34.3482596, 31.4317081], [34.3489956, 31.4312679], [34.3493607, 31.4309055], [34.3495508, 31.4305622], [34.3515055, 31.4289137], [34.3509205, 31.4284513], [34.3528765, 31.4270568], [34.3552717, 31.4251983], [34.3556639, 31.4257742], [34.3563908, 31.4266526], [34.3577909, 31.4281462], [34.3598342, 31.4264773], [34.3582077, 31.4249273], [34.3602936, 31.423362], [34.360887, 31.4237207], [34.3634064, 31.4219779], [34.3614009, 31.4201569], [34.3609666, 31.4196841], [34.361221, 31.4195747], [34.3631891, 31.4181921], [34.3649052, 31.4170698], [34.3667718, 31.4157107], [34.3675259, 31.4164063], [34.3687522, 31.41763], [34.3698884, 31.4188477], [34.3707939, 31.4198644], [34.3725601, 31.4219654], [34.3737551, 31.4232554], [34.3800129, 31.4293033], [34.3825186, 31.4316107], [34.3858445, 31.4344634], [34.3832847, 31.436264], [34.382395, 31.4369993], [34.3822241, 31.4371925], [34.3820224, 31.4375048], [34.3819374, 31.4381397], [34.3816965, 31.4390958], [34.3813544, 31.4393153], [34.3805378, 31.4401109], [34.3789993, 31.4395306], [34.3779573, 31.4394459], [34.3772746, 31.4392981], [34.3750709, 31.4406787], [34.3726881, 31.4421098], [34.3717973, 31.4427385], [34.3710361, 31.4433343], [34.3707262, 31.4436621], [34.3702615, 31.4444824], [34.3697937, 31.4448062], [34.3671399, 31.445973], [34.365043, 31.4466128], [34.364113, 31.4469162], [34.3637815, 31.447054], [34.3616634, 31.448567], [34.3606827, 31.449194], [34.3582679, 31.4510306]]]}}, {"type": "Feature", "properties": {"name": "القرارة", "name_en": "al-Qarara", "name_he": "אל-קרארה", "admin_level": "8", "osm_id": 10523487}, "geometry": {"type": "Polygon", "coordinates": [[[34.3667339, 31.3475513], [34.3662745, 31.3475298], [34.3656432, 31.3478182], [34.3654981, 31.3475383], [34.3646181, 31.3475764], [34.3620746, 31.3480126], [34.3605723, 31.3483232], [34.3596357, 31.3484034], [34.3569746, 31.3483995], [34.3531882, 31.3485775], [34.3505883, 31.348582], [34.348972, 31.3484636], [34.3473342, 31.3483944], [34.3449268, 31.348132], [34.3458561, 31.3498428], [34.347184, 31.3525001], [34.3478364, 31.3540529], [34.3481494, 31.3547038], [34.3498064, 31.3566263], [34.3499872, 31.3568942], [34.3501608, 31.3572263], [34.3507605, 31.3586618], [34.3506588, 31.3585661], [34.350444, 31.3585832], [34.3497104, 31.3579822], [34.3488242, 31.357151], [34.3471191, 31.3563674], [34.3463016, 31.3561365], [34.3437637, 31.3558136], [34.3432832, 31.3558287], [34.3407895, 31.3561704], [34.3377565, 31.3562093], [34.3364652, 31.3559027], [34.3346388, 31.3552604], [34.3339426, 31.3550888], [34.3332099, 31.3547796], [34.3311172, 31.3566814], [34.328127, 31.3591107], [34.3280548, 31.3592096], [34.3292352, 31.3625886], [34.3297376, 31.3639227], [34.331137, 31.3673397], [34.3312366, 31.3677006], [34.3312953, 31.3686945], [34.3314286, 31.3700666], [34.3315179, 31.3717322], [34.3314189, 31.371712], [34.3304107, 31.3703171], [34.3291342, 31.3721888], [34.3288676, 31.372538], [34.3283736, 31.3730531], [34.3275584, 31.3738782], [34.3271837, 31.3740037], [34.3244278, 31.3763977], [34.3252021, 31.3771699], [34.3238345, 31.3781385], [34.3212794, 31.380449], [34.3159445, 31.3854257], [34.316144, 31.3860329], [34.3162733, 31.386625], [34.3163119, 31.3870729], [34.316335, 31.3877346], [34.3161271, 31.3894563], [34.3305563, 31.3910832], [34.3317622, 31.391021], [34.3334048, 31.390547], [34.3340032, 31.3902059], [34.3375254, 31.387235], [34.3395577, 31.3856929], [34.340638, 31.3848088], [34.3407247, 31.384808], [34.342115, 31.386157], [34.3431289, 31.3874811], [34.3437361, 31.3886187], [34.345398, 31.3911427], [34.3457298, 31.3909836], [34.3460769, 31.3907551], [34.3487022, 31.3895687], [34.3497281, 31.3888839], [34.350628, 31.3879021], [34.3525686, 31.3852233], [34.3539099, 31.3832703], [34.3543547, 31.3825724], [34.3555246, 31.3809114], [34.3564412, 31.3797195], [34.3576111, 31.3784674], [34.3586577, 31.377681], [34.3600645, 31.3768784], [34.3612876, 31.376296], [34.3615838, 31.3770797], [34.3618265, 31.377493], [34.3621266, 31.3773469], [34.3625979, 31.3776563], [34.3646541, 31.3755449], [34.3675181, 31.3749065], [34.3730199, 31.3738022], [34.3729401, 31.3736614], [34.3722493, 31.3730112], [34.3715405, 31.3722712], [34.371449, 31.3719816], [34.3718567, 31.3709502], [34.3718339, 31.3702214], [34.3713537, 31.3696487], [34.3704544, 31.3693201], [34.3700553, 31.3693152], [34.3688925, 31.369862], [34.3680704, 31.3699318], [34.3671664, 31.3695828], [34.3664896, 31.3685395], [34.3659219, 31.3672751], [34.3655686, 31.3657267], [34.3650551, 31.3644112], [34.3651042, 31.3633423], [34.3647238, 31.3616671], [34.3649888, 31.3599555], [34.3667339, 31.3475513]]]}}, {"type": "Feature", "properties": {"name": "الفخارِي", "name_en": "Al-Fukhari", "name_he": "אל-פוח'ארי", "admin_level": "9", "osm_id": 10523817}, "geometry": {"type": "Polygon", "coordinates": [[[34.3497076, 31.2822075], [34.3475962, 31.2844385], [34.34618, 31.2863502], [34.3446457, 31.2887157], [34.343766, 31.2898343], [34.3424184, 31.2913954], [34.3408673, 31.2935462], [34.340123, 31.2946308], [34.3397022, 31.2951712], [34.3362279, 31.2990432], [34.3350668, 31.3002657], [34.3335036, 31.3017686], [34.3333865, 31.3017047], [34.3326646, 31.3011072], [34.3321351, 31.3007474], [34.3293982, 31.2994789], [34.3285729, 31.3010625], [34.3280616, 31.3006862], [34.3275212, 31.3004256], [34.3256273, 31.3025641], [34.324898, 31.3034697], [34.3227702, 31.3022144], [34.3201936, 31.3053499], [34.3181122, 31.3041333], [34.3170774, 31.3036827], [34.3162583, 31.3033845], [34.3162582, 31.3028783], [34.3162001, 31.3023225], [34.3155341, 31.2989338], [34.3154173, 31.2967565], [34.3152423, 31.2951503], [34.3144269, 31.2915322], [34.3140803, 31.2903266], [34.3132941, 31.2881159], [34.3140874, 31.2878032], [34.3149172, 31.2873789], [34.3152889, 31.2870109], [34.3155985, 31.2865813], [34.3157672, 31.2860462], [34.3165053, 31.2819414], [34.3173982, 31.2780431], [34.3177673, 31.2766693], [34.3182188, 31.2755603], [34.3191836, 31.2733523], [34.320103, 31.27146], [34.3240517, 31.2731038], [34.3279635, 31.2672829], [34.329407, 31.2642805], [34.3246686, 31.2608763], [34.3252044, 31.2593998], [34.3258087, 31.2579736], [34.3287196, 31.2602878], [34.330539, 31.2618554], [34.3316161, 31.2628508], [34.3348181, 31.2665084], [34.3363609, 31.2683994], [34.3378455, 31.2707756], [34.3390827, 31.2726043], [34.3403198, 31.2746071], [34.3414114, 31.2765228], [34.3421974, 31.2782519], [34.3437402, 31.2791724], [34.3452102, 31.2799934], [34.3473061, 31.2809885], [34.3497076, 31.2822075]]]}}, {"type": "Feature", "properties": {"name": "النصر", "name_en": "Al-Nasr", "name_he": "אל-נסר", "admin_level": "9", "osm_id": 10522701}, "geometry": {"type": "Polygon", "coordinates": [[[34.3131373, 31.2876851], [34.3140803, 31.2903266], [34.3144269, 31.2915322], [34.3151709, 31.2948616], [34.3134404, 31.2945393], [34.3086861, 31.2934681], [34.3071951, 31.2932127], [34.3063365, 31.2931162], [34.3053814, 31.2930468], [34.3046121, 31.2930342], [34.2986885, 31.2932132], [34.2968742, 31.2933163], [34.2963525, 31.2933858], [34.2958558, 31.2935011], [34.2952593, 31.2936879], [34.2947494, 31.2938884], [34.2923131, 31.2949945], [34.289646, 31.2962743], [34.289006, 31.2966727], [34.2879044, 31.2975016], [34.2872169, 31.2980847], [34.2858072, 31.2995201], [34.2855475, 31.2987587], [34.2855068, 31.2984232], [34.2855304, 31.2978732], [34.285669, 31.2972697], [34.2857032, 31.2966845], [34.2854614, 31.294931], [34.2853603, 31.2944435], [34.2840943, 31.2911756], [34.2836432, 31.290297], [34.2833186, 31.2897779], [34.2828311, 31.2891686], [34.2816412, 31.2879909], [34.2823246, 31.2867789], [34.2828165, 31.2860678], [34.282986, 31.285713], [34.283446, 31.2842052], [34.283729, 31.2837009], [34.2844105, 31.282673], [34.2850449, 31.2819634], [34.2857798, 31.2813465], [34.2869949, 31.2821341], [34.2881719, 31.2829803], [34.2884819, 31.2832564], [34.2887399, 31.283833], [34.2893392, 31.2833134], [34.2899088, 31.2827216], [34.2903399, 31.2821497], [34.2905778, 31.281924], [34.2910296, 31.2815881], [34.292455, 31.2807097], [34.2925712, 31.2808651], [34.2941963, 31.2800039], [34.294711, 31.2796646], [34.2951179, 31.2793222], [34.2965518, 31.2778214], [34.2969008, 31.2774103], [34.2973474, 31.2766105], [34.2988505, 31.2741544], [34.3010984, 31.2750143], [34.3018977, 31.2753536], [34.3023323, 31.2756149], [34.3030819, 31.2760715], [34.3068786, 31.2787005], [34.3078093, 31.2794111], [34.3083726, 31.2797916], [34.3087642, 31.2801447], [34.3104003, 31.282414], [34.3111621, 31.2835556], [34.3129377, 31.2869755], [34.3131373, 31.2876851]]]}}, {"type": "Feature", "properties": {"name": "الزهراء‎", "name_en": "Az-Zahra", "name_he": "א-זהראא", "admin_level": "9", "osm_id": 10521583}, "geometry": {"type": "Polygon", "coordinates": [[[34.4159463, 31.4753261], [34.4136947, 31.4745586], [34.4106941, 31.47335], [34.4106042, 31.4733944], [34.4105019, 31.4733796], [34.4096108, 31.4727971], [34.4093359, 31.4724762], [34.4091091, 31.4723546], [34.4080178, 31.4716163], [34.4071579, 31.4711541], [34.4060577, 31.4704815], [34.4056125, 31.4702439], [34.4051216, 31.4700588], [34.4035476, 31.4691402], [34.4030781, 31.4688988], [34.4029824, 31.4688922], [34.4028709, 31.4689443], [34.4018396, 31.4700838], [34.4012508, 31.4695635], [34.4009173, 31.4693115], [34.400852, 31.4691523], [34.3993424, 31.4684295], [34.3992991, 31.4671592], [34.3993197, 31.4669768], [34.3990922, 31.4668852], [34.3988299, 31.4668449], [34.3979479, 31.4669637], [34.39741, 31.4669405], [34.3968908, 31.4668178], [34.3964977, 31.4666546], [34.3967882, 31.4662871], [34.3964726, 31.4662717], [34.3952271, 31.4659091], [34.394095, 31.4658431], [34.393473, 31.4658547], [34.3928128, 31.4660144], [34.3916872, 31.4661268], [34.3901561, 31.4660654], [34.3896827, 31.4661004], [34.3888959, 31.4661013], [34.3877268, 31.4661848], [34.3862494, 31.4661789], [34.3850375, 31.4658668], [34.3843453, 31.4657676], [34.3838854, 31.4655579], [34.3838203, 31.4655825], [34.383767, 31.4656512], [34.3835535, 31.4656263], [34.3823979, 31.4651042], [34.3817387, 31.4646025], [34.3812692, 31.4643914], [34.3811812, 31.4643083], [34.3800351, 31.4639041], [34.3793228, 31.4637513], [34.3790499, 31.4638447], [34.3786869, 31.4638392], [34.3776319, 31.463949], [34.3768608, 31.4639373], [34.3764751, 31.4638552], [34.3764045, 31.4638947], [34.3761813, 31.463776], [34.3758748, 31.4638303], [34.3757934, 31.4637946], [34.3756835, 31.4638196], [34.3753813, 31.4637909], [34.3727625, 31.4657132], [34.3841306, 31.4772329], [34.3961515, 31.4901756], [34.4003519, 31.487292], [34.4012871, 31.4865914], [34.4031773, 31.4848417], [34.4038098, 31.4843219], [34.4053948, 31.4828928], [34.4057309, 31.4825525], [34.4068899, 31.4815902], [34.4076186, 31.4811021], [34.4084286, 31.4806271], [34.4100591, 31.4815837], [34.4102085, 31.4815797], [34.41034, 31.4815188], [34.4108101, 31.4810805], [34.4119765, 31.480104], [34.4120029, 31.4799999], [34.4112997, 31.4789725], [34.4127687, 31.4781399], [34.4138048, 31.4777012], [34.4141185, 31.477531], [34.4148037, 31.4773531], [34.4153134, 31.4772966], [34.4153666, 31.4771804], [34.4152978, 31.4767022], [34.4153044, 31.4763023], [34.4153733, 31.4760616], [34.4155335, 31.4757922], [34.4159463, 31.4753261]]]}}, {"type": "Feature", "properties": {"name": "البريج", "name_en": "Bureij", "name_he": "אל-בורייג'", "admin_level": "9", "osm_id": 10523632}, "geometry": {"type": "Polygon", "coordinates": [[[34.4267264, 31.4271597], [34.4265728, 31.4273999], [34.4264304, 31.4282013], [34.4263594, 31.4283681], [34.426265, 31.4285309], [34.4260971, 31.4286811], [34.426003, 31.428812], [34.4257177, 31.4289869], [34.4243909, 31.4294605], [34.4234301, 31.4298658], [34.4215568, 31.4300115], [34.420079, 31.4302292], [34.4198032, 31.4303081], [34.4191374, 31.4304242], [34.4180816, 31.4307647], [34.4167195, 31.4313426], [34.4160511, 31.4317618], [34.4158424, 31.4319781], [34.4154041, 31.432565], [34.4153583, 31.4327099], [34.4153718, 31.4329447], [34.4155363, 31.4334263], [34.4156769, 31.4335486], [34.4157396, 31.4335497], [34.4163057, 31.4333393], [34.4168362, 31.4332097], [34.4171619, 31.433159], [34.4174403, 31.4331722], [34.4176944, 31.4332024], [34.4179176, 31.4332677], [34.4181775, 31.4333754], [34.4190376, 31.43383], [34.4195079, 31.4341921], [34.4196502, 31.4343621], [34.4199484, 31.4348586], [34.4200012, 31.4350234], [34.4200218, 31.435322], [34.4199877, 31.4355427], [34.4194777, 31.4367849], [34.4191688, 31.4372531], [34.4185842, 31.4379942], [34.4182351, 31.4383555], [34.4178846, 31.4386096], [34.417409, 31.4388951], [34.4168336, 31.4391666], [34.4161976, 31.4395621], [34.4158683, 31.4398329], [34.4155523, 31.4402939], [34.4154857, 31.4405854], [34.4155168, 31.4407602], [34.4155769, 31.4408535], [34.416351, 31.4416179], [34.4164161, 31.4418199], [34.4164033, 31.4421029], [34.4152565, 31.4435825], [34.4138387, 31.4457335], [34.4135049, 31.4463297], [34.4129162, 31.4475723], [34.4124813, 31.4482805], [34.4116811, 31.4498907], [34.4114805, 31.450445], [34.4114894, 31.4505421], [34.4115682, 31.4506889], [34.4118427, 31.4508975], [34.4134806, 31.4516722], [34.4138079, 31.4519383], [34.4140724, 31.4525514], [34.4147448, 31.4538163], [34.4149787, 31.4544855], [34.4150177, 31.45485], [34.415001, 31.4551198], [34.4149343, 31.4552866], [34.4146919, 31.4556028], [34.4132042, 31.4540475], [34.4128072, 31.4537547], [34.4119865, 31.4533245], [34.4112247, 31.4528348], [34.409095, 31.451192], [34.4060427, 31.4487436], [34.4050395, 31.4480114], [34.402926, 31.4468581], [34.4005871, 31.4454394], [34.3984413, 31.4438833], [34.396655, 31.4424737], [34.3952066, 31.4410961], [34.3943429, 31.4403775], [34.3915695, 31.4384827], [34.3864269, 31.4348766], [34.3865571, 31.4347316], [34.3871034, 31.434271], [34.3881323, 31.4335154], [34.388636, 31.4330994], [34.3892748, 31.4324652], [34.3896456, 31.4320007], [34.3905087, 31.4313357], [34.3901686, 31.4309048], [34.3918874, 31.4294702], [34.3927329, 31.4285844], [34.3929583, 31.4284286], [34.3933206, 31.4282643], [34.3947464, 31.427874], [34.3952118, 31.4277916], [34.395434, 31.4276975], [34.3956947, 31.4280678], [34.3965341, 31.4276471], [34.3971273, 31.4271251], [34.3984454, 31.4260764], [34.4001761, 31.4248182], [34.3990089, 31.4234972], [34.400088, 31.4230155], [34.3996824, 31.4225184], [34.4027587, 31.4212395], [34.4028458, 31.4214034], [34.4041594, 31.4206428], [34.4048653, 31.4212372], [34.4062742, 31.4199598], [34.4074528, 31.4186928], [34.4097313, 31.4164457], [34.4111202, 31.4148448], [34.4123532, 31.4156384], [34.4148605, 31.4176463], [34.4163984, 31.4197246], [34.4183037, 31.4209962], [34.4206682, 31.4217784], [34.4236027, 31.4233727], [34.426111, 31.426389], [34.4263412, 31.4266154], [34.4267264, 31.4271597]]]}}, {"type": "Feature", "properties": {"name": "جحر الديك", "name_en": "Juhor a-Dik", "name_he": "ג'וחור א-דיק", "admin_level": "9", "osm_id": 10521617}, "geometry": {"type": "Polygon", "coordinates": [[[34.4267082, 31.4653474], [34.4258848, 31.4645759], [34.4254006, 31.4641842], [34.4216909, 31.4617556], [34.4207703, 31.4610901], [34.4172247, 31.4578359], [34.4146919, 31.4556028], [34.4149343, 31.4552866], [34.415001, 31.4551198], [34.4150177, 31.45485], [34.4149787, 31.4544855], [34.4147448, 31.4538163], [34.4140724, 31.4525514], [34.4138079, 31.4519383], [34.4134806, 31.4516722], [34.4118427, 31.4508975], [34.4115682, 31.4506889], [34.4114894, 31.4505421], [34.4114805, 31.450445], [34.4116811, 31.4498907], [34.4124813, 31.4482805], [34.4129162, 31.4475723], [34.4135049, 31.4463297], [34.4138387, 31.4457335], [34.4152565, 31.4435825], [34.4164033, 31.4421029], [34.4164161, 31.4418199], [34.416351, 31.4416179], [34.4155769, 31.4408535], [34.4155168, 31.4407602], [34.4154857, 31.4405854], [34.4155523, 31.4402939], [34.4158683, 31.4398329], [34.4161976, 31.4395621], [34.4168336, 31.4391666], [34.4176455, 31.4387631], [34.418107, 31.4384562], [34.4184256, 31.4381694], [34.4191688, 31.4372531], [34.4194777, 31.4367849], [34.4200068, 31.4354722], [34.4200237, 31.4351987], [34.4200012, 31.4350234], [34.4199052, 31.4347725], [34.4196502, 31.4343621], [34.4195079, 31.4341921], [34.4190376, 31.43383], [34.4181775, 31.4333754], [34.4179176, 31.4332677], [34.4176944, 31.4332024], [34.4174403, 31.4331722], [34.4171619, 31.433159], [34.4168362, 31.4332097], [34.4163057, 31.4333393], [34.4157396, 31.4335497], [34.4156769, 31.4335486], [34.4155363, 31.4334263], [34.4153718, 31.4329447], [34.4153583, 31.4327099], [34.4154041, 31.432565], [34.4158424, 31.4319781], [34.4160511, 31.4317618], [34.4167195, 31.4313426], [34.4180816, 31.4307647], [34.4191374, 31.4304242], [34.4198032, 31.4303081], [34.420079, 31.4302292], [34.4215568, 31.4300115], [34.4234301, 31.4298658], [34.4243909, 31.4294605], [34.4257177, 31.4289869], [34.426003, 31.428812], [34.4260971, 31.4286811], [34.426265, 31.4285309], [34.4263594, 31.4283681], [34.4264304, 31.4282013], [34.4265728, 31.4273999], [34.4267264, 31.4271597], [34.4280893, 31.4288768], [34.4305129, 31.431192], [34.4335493, 31.4361167], [34.4370599, 31.4402701], [34.439918, 31.4419282], [34.4419015, 31.44299], [34.4455503, 31.4437879], [34.4470155, 31.4450705], [34.4493001, 31.4472471], [34.4512893, 31.4494773], [34.4531795, 31.4520521], [34.4570284, 31.4548348], [34.4596731, 31.4570388], [34.4647268, 31.4611395], [34.4650633, 31.4614897], [34.4662927, 31.4633522], [34.467309, 31.4647494], [34.4669635, 31.4649903], [34.4662849, 31.465593], [34.4658137, 31.4659433], [34.4654511, 31.4661724], [34.4647464, 31.4665479], [34.4644556, 31.4667568], [34.4593834, 31.4712328], [34.4535799, 31.4715636], [34.453062, 31.4715501], [34.452293, 31.4714302], [34.4480809, 31.4702964], [34.4384638, 31.4674132], [34.4343107, 31.4662258], [34.4294214, 31.4647168], [34.4287973, 31.4645701], [34.428285, 31.4644954], [34.4280214, 31.4644982], [34.4277655, 31.4645525], [34.427541, 31.4646604], [34.4267082, 31.4653474]]]}}, {"type": "Feature", "properties": {"name": "خزاعة", "name_en": "Khuza'a", "name_he": "ח'וזאעה", "admin_level": "9", "osm_id": 10523819}, "geometry": {"type": "Polygon", "coordinates": [[[34.3497076, 31.2822075], [34.3475962, 31.2844385], [34.34618, 31.2863502], [34.3446457, 31.2887157], [34.343766, 31.2898343], [34.3424184, 31.2913954], [34.3408673, 31.2935462], [34.3460581, 31.2966992], [34.3485808, 31.2981841], [34.3492324, 31.2986685], [34.3509668, 31.2998306], [34.3521793, 31.3005865], [34.3540371, 31.301646], [34.3550221, 31.3022454], [34.355821, 31.3027858], [34.3571607, 31.3038415], [34.3572065, 31.3039469], [34.3571931, 31.3040544], [34.3559856, 31.3059238], [34.3544827, 31.3084428], [34.3556532, 31.3090514], [34.3561822, 31.3093983], [34.3568496, 31.3098926], [34.3570988, 31.3100081], [34.3576461, 31.3104747], [34.3577553, 31.3104747], [34.3571887, 31.311061], [34.3572258, 31.3111001], [34.358551, 31.3121689], [34.3598534, 31.3130789], [34.3663715, 31.3190078], [34.3672179, 31.3198381], [34.3693518, 31.3223369], [34.3702088, 31.3232277], [34.3705105, 31.3234692], [34.3719794, 31.3143824], [34.3729733, 31.3078581], [34.373288, 31.3061738], [34.3709956, 31.2999525], [34.3692693, 31.295541], [34.3665475, 31.2905287], [34.3550201, 31.2848694], [34.3497076, 31.2822075]]]}}, {"type": "Feature", "properties": {"name": "شوكة الصوفي", "name_en": "Shokat aa-Sufi", "name_he": "שוקת א-סופי", "admin_level": "9", "osm_id": 10522703}, "geometry": {"type": "Polygon", "coordinates": [[[34.2674994, 31.2201289], [34.26839, 31.220551], [34.2743721, 31.2254571], [34.2784765, 31.2285063], [34.27967, 31.2295767], [34.2809072, 31.2305723], [34.2851717, 31.234418], [34.2883592, 31.2377781], [34.2906298, 31.2400928], [34.2919106, 31.2412003], [34.293468, 31.2421336], [34.2962334, 31.2433531], [34.2989114, 31.2444233], [34.3013567, 31.245593], [34.3041512, 31.2468374], [34.3066983, 31.2481564], [34.308634, 31.2489901], [34.3123746, 31.2502717], [34.316188, 31.2517026], [34.3178909, 31.2526483], [34.3194337, 31.2536064], [34.3240476, 31.2566921], [34.3258087, 31.2579736], [34.3252044, 31.2593998], [34.3246686, 31.2608763], [34.329407, 31.2642805], [34.3279635, 31.2672829], [34.3240517, 31.2731038], [34.320103, 31.27146], [34.3191836, 31.2733523], [34.3182188, 31.2755603], [34.3177673, 31.2766693], [34.3173982, 31.2780431], [34.3165053, 31.2819414], [34.3157672, 31.2860462], [34.3155985, 31.2865813], [34.3152889, 31.2870109], [34.3149172, 31.2873789], [34.3140874, 31.2878032], [34.3132941, 31.2881159], [34.3131373, 31.2876851], [34.3129377, 31.2869755], [34.3111621, 31.2835556], [34.3104003, 31.282414], [34.3087642, 31.2801447], [34.3083726, 31.2797916], [34.3078093, 31.2794111], [34.3068786, 31.2787005], [34.3030819, 31.2760715], [34.3018977, 31.2753536], [34.3010984, 31.2750143], [34.2960414, 31.2731024], [34.2891245, 31.2702266], [34.2840187, 31.2681801], [34.2815923, 31.2672732], [34.2793953, 31.2662788], [34.2784751, 31.2658089], [34.2760117, 31.2642814], [34.2735232, 31.2626577], [34.272887, 31.2621679], [34.2708737, 31.2605029], [34.2683329, 31.2579954], [34.2676229, 31.2573753], [34.2663353, 31.2560478], [34.2655288, 31.2553383], [34.2643359, 31.2543908], [34.2631072, 31.2532586], [34.2626631, 31.2527638], [34.2619377, 31.2521121], [34.261628, 31.2524449], [34.2605944, 31.2533348], [34.258153, 31.2517883], [34.2568825, 31.2510382], [34.2563212, 31.2507846], [34.2570576, 31.2482818], [34.2620852, 31.2352601], [34.2641022, 31.2294622], [34.2674994, 31.2201289]]]}}, {"type": "Feature", "properties": {"name": "أم النصر", "name_en": "Um a-Nasser", "name_he": "אום א-נאסר", "admin_level": "9", "osm_id": 10521482}, "geometry": {"type": "Polygon", "coordinates": [[[34.5363816, 31.5633381], [34.5254486, 31.5532074], [34.5232833, 31.5515477], [34.5205075, 31.5523426], [34.519882, 31.5487275], [34.51474, 31.5497172], [34.5143711, 31.5497152], [34.5136374, 31.5500327], [34.5131017, 31.5502108], [34.5128217, 31.5503776], [34.5126234, 31.5505743], [34.5123506, 31.550744], [34.5121008, 31.5510139], [34.5113206, 31.5514909], [34.5110821, 31.5517648], [34.512002, 31.5533855], [34.512085, 31.5534611], [34.5133189, 31.5551277], [34.5134228, 31.5553678], [34.5140939, 31.5564361], [34.5142502, 31.5571483], [34.5143135, 31.5579588], [34.5141383, 31.5584168], [34.5140192, 31.5592449], [34.5140085, 31.5600481], [34.5142201, 31.5612487], [34.5142638, 31.5618371], [34.5141927, 31.5619569], [34.5141956, 31.5622028], [34.5142595, 31.5622412], [34.5145167, 31.5632649], [34.5150427, 31.5640107], [34.5152581, 31.5644457], [34.5153904, 31.5648033], [34.5155171, 31.5653221], [34.5155123, 31.5655231], [34.5149057, 31.565788], [34.5154228, 31.5667371], [34.5182402, 31.5656848], [34.5194572, 31.5642534], [34.5208473, 31.5656555], [34.5195403, 31.5672084], [34.5194338, 31.5674403], [34.5195368, 31.5676184], [34.520092, 31.5681134], [34.5201664, 31.5682881], [34.5203717, 31.5686033], [34.5205852, 31.5688705], [34.5210854, 31.5692599], [34.5216128, 31.5695944], [34.5217567, 31.5697349], [34.521806, 31.5697328], [34.5224097, 31.5701651], [34.5227611, 31.570503], [34.5229037, 31.5707729], [34.5232133, 31.5717245], [34.5239738, 31.5723085], [34.529722, 31.568333], [34.5325, 31.566111], [34.535, 31.564444], [34.5363816, 31.5633381]]]}}, {"type": "Feature", "properties": {"name": "وادي السلقا", "name_en": "Wadi a-Salqa", "name_he": "ואדי א-סלקא", "admin_level": "9", "osm_id": 10523500}, "geometry": {"type": "Polygon", "coordinates": [[[34.3802718, 31.389066], [34.3788265, 31.3900414], [34.3786005, 31.3901263], [34.3785496, 31.3902864], [34.3783688, 31.3904906], [34.3779613, 31.3911087], [34.3778862, 31.3912912], [34.3778714, 31.3915427], [34.3778282, 31.391705], [34.377125, 31.3924007], [34.3767162, 31.3928829], [34.3763368, 31.3935343], [34.3762546, 31.3939677], [34.3762633, 31.3946973], [34.3759725, 31.395041], [34.3755537, 31.3952926], [34.3744114, 31.3962515], [34.3738277, 31.3964329], [34.3733485, 31.3965395], [34.3732119, 31.3966304], [34.3727601, 31.3974785], [34.3720227, 31.3984584], [34.3714002, 31.3987312], [34.371222, 31.3987687], [34.3704402, 31.3988483], [34.3700188, 31.3987868], [34.3697339, 31.3988372], [34.3691281, 31.399018], [34.3688707, 31.3991935], [34.3687964, 31.3993229], [34.3687573, 31.3995], [34.3687667, 31.3998642], [34.3686323, 31.4001339], [34.36845, 31.4001965], [34.3679682, 31.4002459], [34.3674266, 31.4003455], [34.3671903, 31.4004579], [34.3670288, 31.4005834], [34.3669131, 31.400773], [34.3666402, 31.4010165], [34.3661129, 31.4011899], [34.3652822, 31.4012925], [34.3650347, 31.4012956], [34.3646985, 31.401227], [34.3643874, 31.4008855], [34.3642418, 31.400649], [34.363988, 31.4004474], [34.3639, 31.400266], [34.3635997, 31.399889], [34.3634671, 31.399621], [34.3633437, 31.3994937], [34.3627543, 31.399429], [34.3623609, 31.3995129], [34.3619151, 31.3997987], [34.3603925, 31.4004157], [34.360292, 31.4003827], [34.359935, 31.3999627], [34.3598058, 31.3998617], [34.3589095, 31.3993509], [34.3586479, 31.3993199], [34.3580951, 31.3998407], [34.3572293, 31.3998735], [34.3567706, 31.3998501], [34.3562719, 31.399532], [34.3561865, 31.3995057], [34.3553479, 31.3994518], [34.3542762, 31.3996134], [34.3540851, 31.3996723], [34.3535779, 31.3999375], [34.3524501, 31.4003564], [34.3516776, 31.4005585], [34.3510108, 31.399287], [34.3499197, 31.3976698], [34.3484675, 31.3956697], [34.345398, 31.3911427], [34.3457298, 31.3909836], [34.3460769, 31.3907551], [34.3487022, 31.3895687], [34.3497281, 31.3888839], [34.350628, 31.3879021], [34.3525686, 31.3852233], [34.3539099, 31.3832703], [34.3543547, 31.3825724], [34.3555246, 31.3809114], [34.3564412, 31.3797195], [34.3576111, 31.3784674], [34.3586577, 31.377681], [34.3600645, 31.3768784], [34.3612876, 31.376296], [34.3615838, 31.3770797], [34.3618265, 31.377493], [34.3621266, 31.3773469], [34.3625979, 31.3776563], [34.3646541, 31.3755449], [34.3675181, 31.3749065], [34.3730199, 31.3738022], [34.3731623, 31.3759741], [34.3740162, 31.3788011], [34.3748373, 31.3804042], [34.3790529, 31.3858067], [34.3797486, 31.38696], [34.380287, 31.3876271], [34.3802718, 31.389066]]]}}, {"type": "Feature", "properties": {"name": "المغازِي", "name_en": "al-Maghazi", "name_he": "אל-מע'אזי", "admin_level": "9", "osm_id": 10523631}, "geometry": {"type": "Polygon", "coordinates": [[[34.4026499, 31.4103299], [34.4015501, 31.4111465], [34.4017348, 31.4133942], [34.4016792, 31.4139779], [34.3987487, 31.4145514], [34.396901, 31.4153404], [34.3960612, 31.4160247], [34.3952977, 31.4165313], [34.394518, 31.4171302], [34.3928233, 31.4178126], [34.3925487, 31.4179729], [34.3912706, 31.4164796], [34.3899586, 31.4151173], [34.3893724, 31.4154653], [34.3891528, 31.415705], [34.3890567, 31.4160322], [34.3891829, 31.4162491], [34.3886872, 31.4168044], [34.3885676, 31.4168777], [34.3884703, 31.416902], [34.3880879, 31.416796], [34.3879303, 31.4168008], [34.3874311, 31.4169279], [34.3868582, 31.4168919], [34.3864814, 31.4170494], [34.3864599, 31.4170952], [34.3865406, 31.4172387], [34.38655, 31.4173313], [34.3864341, 31.4174119], [34.3861563, 31.417473], [34.386067, 31.4175223], [34.385832, 31.4178552], [34.3856614, 31.417979], [34.3848184, 31.4181758], [34.3845028, 31.4183103], [34.3841615, 31.4185077], [34.3839265, 31.4184953], [34.3835383, 31.4183633], [34.3834079, 31.4183679], [34.3832709, 31.4184134], [34.3830336, 31.4185716], [34.3828694, 31.418624], [34.3821749, 31.4186394], [34.3818633, 31.4186899], [34.3815215, 31.4188494], [34.3816059, 31.4192401], [34.3804189, 31.4200111], [34.3792145, 31.4205644], [34.3797097, 31.4212969], [34.3779653, 31.4220451], [34.3773104, 31.4224581], [34.377049, 31.4230177], [34.3751051, 31.4245736], [34.3800129, 31.4293033], [34.3825186, 31.4316107], [34.3858445, 31.4344634], [34.3864269, 31.4348766], [34.3865571, 31.4347316], [34.3871034, 31.434271], [34.3881323, 31.4335154], [34.388636, 31.4330994], [34.3892748, 31.4324652], [34.3896456, 31.4320007], [34.3905087, 31.4313357], [34.3901686, 31.4309048], [34.3918874, 31.4294702], [34.3927329, 31.4285844], [34.3929583, 31.4284286], [34.3933206, 31.4282643], [34.3947464, 31.427874], [34.3952118, 31.4277916], [34.395434, 31.4276975], [34.3956947, 31.4280678], [34.3965341, 31.4276471], [34.3971273, 31.4271251], [34.3984454, 31.4260764], [34.4001761, 31.4248182], [34.3990089, 31.4234972], [34.400088, 31.4230155], [34.3996824, 31.4225184], [34.4027587, 31.4212395], [34.4028458, 31.4214034], [34.4041594, 31.4206428], [34.4048653, 31.4212372], [34.4062742, 31.4199598], [34.4074528, 31.4186928], [34.4097313, 31.4164457], [34.4111202, 31.4148448], [34.4102694, 31.4142972], [34.4075179, 31.4115831], [34.4048312, 31.4120836], [34.4041998, 31.4116417], [34.4027644, 31.4104671], [34.4026499, 31.4103299]]]}}, {"type": "Feature", "properties": {"name": "المغراقة", "name_en": "al-Mughraqa", "name_he": "אל-מוע'ראקה", "admin_level": "9", "osm_id": 10521618}, "geometry": {"type": "Polygon", "coordinates": [[[34.4159463, 31.4753261], [34.4161383, 31.4751092], [34.419995, 31.4713871], [34.4216403, 31.4698539], [34.4243053, 31.4674952], [34.4260206, 31.4659142], [34.4267082, 31.4653474], [34.4258848, 31.4645759], [34.4254006, 31.4641842], [34.4216909, 31.4617556], [34.4207703, 31.4610901], [34.4172247, 31.4578359], [34.4146919, 31.4556028], [34.4143563, 31.4559896], [34.4134604, 31.45691], [34.4129312, 31.4572791], [34.4121819, 31.4575414], [34.4119284, 31.4575723], [34.4113632, 31.4575532], [34.4107283, 31.4576195], [34.4097383, 31.4578483], [34.4084923, 31.458252], [34.4080327, 31.4582724], [34.406884, 31.4585505], [34.4063166, 31.4586185], [34.4058703, 31.4587461], [34.4053351, 31.4588316], [34.4047385, 31.4588536], [34.4041139, 31.4589239], [34.4031215, 31.4591416], [34.4027349, 31.4592596], [34.4024024, 31.4593882], [34.4022624, 31.459512], [34.4018633, 31.4597067], [34.4015846, 31.459936], [34.4015, 31.460068], [34.4012277, 31.4602233], [34.4007625, 31.4606676], [34.4004247, 31.4610178], [34.4003285, 31.4611775], [34.400218, 31.4614393], [34.4000077, 31.462177], [34.3999427, 31.4626565], [34.3999973, 31.4630252], [34.399732, 31.4636487], [34.3995781, 31.4645499], [34.3994885, 31.4648684], [34.3993391, 31.4651689], [34.3990201, 31.4656583], [34.3988236, 31.4658328], [34.3985692, 31.4659883], [34.398289, 31.4661147], [34.39771, 31.4663078], [34.3974691, 31.4663451], [34.3967882, 31.4662871], [34.3964977, 31.4666546], [34.3968908, 31.4668178], [34.39741, 31.4669405], [34.3979479, 31.4669637], [34.3988299, 31.4668449], [34.3990922, 31.4668852], [34.3993197, 31.4669768], [34.3992991, 31.4671592], [34.3993424, 31.4684295], [34.400852, 31.4691523], [34.4009173, 31.4693115], [34.4012508, 31.4695635], [34.4018396, 31.4700838], [34.4028709, 31.4689443], [34.4029824, 31.4688922], [34.4030781, 31.4688988], [34.4035476, 31.4691402], [34.4051216, 31.4700588], [34.4056125, 31.4702439], [34.4060577, 31.4704815], [34.4071579, 31.4711541], [34.4080178, 31.4716163], [34.4091091, 31.4723546], [34.4093359, 31.4724762], [34.4096108, 31.4727971], [34.4105019, 31.4733796], [34.4106042, 31.4733944], [34.4106941, 31.47335], [34.4136947, 31.4745586], [34.4159463, 31.4753261]]]}}, {"type": "Feature", "properties": {"name": "المصدر", "name_en": "al-Musaddar", "name_he": "אל-מוסדר", "admin_level": "9", "osm_id": 10523633}, "geometry": {"type": "Polygon", "coordinates": [[[34.4026499, 31.4103299], [34.4015501, 31.4111465], [34.4017348, 31.4133942], [34.4016792, 31.4139779], [34.3987487, 31.4145514], [34.396901, 31.4153404], [34.3960612, 31.4160247], [34.3952977, 31.4165313], [34.394518, 31.4171302], [34.3928233, 31.4178126], [34.3925487, 31.4179729], [34.3912706, 31.4164796], [34.3899586, 31.4151173], [34.3893724, 31.4154653], [34.3891528, 31.415705], [34.3890567, 31.4160322], [34.3891829, 31.4162491], [34.3886872, 31.4168044], [34.3885676, 31.4168777], [34.3884703, 31.416902], [34.3880879, 31.416796], [34.3879303, 31.4168008], [34.3874311, 31.4169279], [34.3868582, 31.4168919], [34.3864814, 31.4170494], [34.3864599, 31.4170952], [34.3865406, 31.4172387], [34.38655, 31.4173313], [34.3864341, 31.4174119], [34.3861563, 31.417473], [34.386067, 31.4175223], [34.385832, 31.4178552], [34.3856614, 31.417979], [34.3848184, 31.4181758], [34.3845028, 31.4183103], [34.3841615, 31.4185077], [34.3839265, 31.4184953], [34.3835383, 31.4183633], [34.3834079, 31.4183679], [34.3832709, 31.4184134], [34.3830336, 31.4185716], [34.3828694, 31.418624], [34.3821749, 31.4186394], [34.3818633, 31.4186899], [34.3815215, 31.4188494], [34.3816059, 31.4192401], [34.3804189, 31.4200111], [34.3792145, 31.4205644], [34.3797097, 31.4212969], [34.3779653, 31.4220451], [34.3773104, 31.4224581], [34.377049, 31.4230177], [34.3751051, 31.4245736], [34.3737551, 31.4232554], [34.3725601, 31.4219654], [34.3707939, 31.4198644], [34.3687522, 31.41763], [34.3675259, 31.4164063], [34.3667718, 31.4157107], [34.3640174, 31.4133776], [34.3652311, 31.4126062], [34.3661103, 31.4121044], [34.3709106, 31.4099796], [34.3744844, 31.4081318], [34.3759926, 31.4074157], [34.3778991, 31.406433], [34.3789272, 31.4058233], [34.3805229, 31.4047719], [34.3814084, 31.4041308], [34.3828916, 31.4029567], [34.3841605, 31.4017313], [34.3845204, 31.4022509], [34.3850231, 31.4031048], [34.3853982, 31.4030316], [34.3874116, 31.402812], [34.3931053, 31.4026157], [34.3950243, 31.4018527], [34.395842, 31.4032795], [34.3974636, 31.4046441], [34.3999697, 31.4071184], [34.4026499, 31.4103299]]]}}]}