"loc","points"
"בארי; אשלים","31.421101, 34.492511; 31.421632, 34.491888; 31.42193, 34.492232; 31.422355, 34.491942; 31.423504, 34.493423; 31.422731, 34.494399"
"בארי; ההדרים","31.421101, 34.492511; 31.421632, 34.491888; 31.42193, 34.492232; 31.422355, 34.491942; 31.421998, 34.491207; 31.421028, 34.491261; 31.420437, 34.491776"
"בארי; ותיקים","31.425376, 34.488573; 31.422461, 34.488069; 31.422406, 34.488739; 31.421659, 34.488734; 31.421664, 34.489394; 31.423321,  34.489415; 31.423376, 34.488911; 31.425326, 34.489324"
"בארי; הזיתים","31.421623, 34.487146; 31.424928, 34.487232; 31.425596, 34.488283; 31.425376, 34.488573; 31.421614, 34.487962"
"בארי; הכרם","31.421623, 34.487146; 31.424928, 34.487232; 31.424672, 34.486095; 31.421623, 34.485977"
"בארי; קומותיים"," 31.421664, 34.489394; 31.423321,  34.489415; 31.423376, 34.488911; 31.425326, 34.489324; 31.425294, 34.490333; 31.424562, 34.490349; 31.424186, 34.489839; 31.423527, 34.490166;31.423353, 34.489989;31.422905, 34.489807; 31.421691, 34.489743"
"בארי; אורנים","31.425317, 34.489555; 31.425848, 34.490215; 31.426503, 34.490086; 31.42658, 34.489442;31.425596, 34.488283;31.425376, 34.488573; 31.425322, 34.489582"
"בארי; מרכז","31.421756, 34.491207; 31.421545, 34.490472; 31.421691, 34.489743; 31.422905, 34.489807; 31.423353, 34.489989; 31.423335, 34.49096"
"עלומים; מגורי עובדים","31.451099, 34.511468; 31.450284, 34.510632; 31.449882, 34.511307; 31.450824, 34.512069"
