"loc","points"
"בארי; אשלים","31.421101, 34.492511; 31.421632, 34.491888; 31.42193, 34.492232; 31.422355, 34.491942; 31.423504, 34.493423; 31.422731, 34.494399"
"בארי; ההדרים","31.421101, 34.492511; 31.421632, 34.491888; 31.42193, 34.492232; 31.422355, 34.491942; 31.421998, 34.491207; 31.421028, 34.491261; 31.420437, 34.491776"
"בארי; ותיקים","31.425376, 34.488573; 31.422461, 34.488069; 31.422406, 34.488739; 31.421659, 34.488734; 31.421664, 34.489394; 31.423321,  34.489415; 31.423376, 34.488911; 31.425326, 34.489324"
"בארי; הזיתים","31.421623, 34.487146; 31.424928, 34.487232; 31.425596, 34.488283; 31.425376, 34.488573; 31.421614, 34.487962"
"בארי; הכרם","31.421623, 34.487146; 31.424928, 34.487232; 31.424672, 34.486095; 31.421623, 34.485977"
"בארי; קומותיים","31.422406, 34.488739; 31.421659, 34.488734; 31.421664, 34.489394; 31.423321,  34.489415; 31.421994, 34.489694; 31.423509, 34.490161; 31.424205, 34.489844; 31.424603, 34.490376; 31.425276, 34.490322"
"בארי; אורנים","31.425276, 34.490322; 31.425376, 34.488573; 31.421614, 34.487962; 31.426777, 34.489775; 31.426416, 34.490129"
