"loc","points"
"בארי; אשלים","31.422754, 34.494458;31.4236, 34.49331;31.422369, 34.491937;31.42198, 34.492189;31.421096, 34.492516;31.422754, 34.494458"
"בארי; ההדרים","31.4236, 34.49331;31.422369, 34.491937;31.422007, 34.491223;31.421019, 34.49125;31.420451, 34.491781"
"בארי; ותיקים",
"בארי; הזיתים",
"בארי; הכרם",
"בארי; קומותיים",
